{"timestamp": "2025-08-14T14:00:58.351583", "level": "ERROR", "logger": "app.automation.robot.robot_driver", "message": "Robot Framework not found. Please install with: pip install robotframework", "module": "robot_driver", "function": "_verify_environment", "line": 59}
{"timestamp": "2025-08-14T14:00:58.351583", "level": "ERROR", "logger": "app.automation.robot.robot_driver", "message": "Error: ", "module": "robot_driver", "function": "_verify_environment", "line": 60}
{"timestamp": "2025-08-14T14:03:11.677183", "level": "ERROR", "logger": "app.utils.application_closer", "message": "Failed to close 0 process(es). 1 still running", "module": "application_closer", "function": "close_cargowise_application", "line": 201}
{"timestamp": "2025-08-14T14:03:11.677183", "level": "ERROR", "logger": "app.utils.application_closer", "message": "Still running: CargoWise.ApplicationManager.Service.exe (PID: 5188)", "module": "application_closer", "function": "close_cargowise_application", "line": 204}
{"timestamp": "2025-08-14T14:03:12.023951", "level": "ERROR", "logger": "app.api.v1.task", "message": "Error during cleanup for resumed task f28a41ad-b071-4a38-ab3b-18538f2728b3: object NoneType can't be used in 'await' expression", "module": "task", "function": "resume_task_background", "line": 1033}
{"timestamp": "2025-08-14T14:03:12.275202", "level": "ERROR", "logger": "task", "message": "Task f28a41ad-b071-4a38-ab3b-18538f2728b3: Cleanup failed: object NoneType can't be used in 'await' expression", "module": "logging", "function": "log_to_file", "line": 226, "task_id": "f28a41ad-b071-4a38-ab3b-18538f2728b3", "source": "TASK"}
{"timestamp": "2025-08-14T14:11:30.323472", "level": "ERROR", "logger": "app.automation.robot.robot_driver", "message": "Robot Framework not found. Please install with: pip install robotframework", "module": "robot_driver", "function": "_verify_environment", "line": 59}
{"timestamp": "2025-08-14T14:11:30.323472", "level": "ERROR", "logger": "app.automation.robot.robot_driver", "message": "Error: ", "module": "robot_driver", "function": "_verify_environment", "line": 60}
{"timestamp": "2025-08-14T14:13:48.582879", "level": "ERROR", "logger": "app.api.v1.task", "message": "Error during cleanup for resumed task 33354c01-51b3-46eb-8fbb-72e7e764a452: object NoneType can't be used in 'await' expression", "module": "task", "function": "resume_task_background", "line": 1033}
{"timestamp": "2025-08-14T14:13:48.598938", "level": "ERROR", "logger": "task", "message": "Task 33354c01-51b3-46eb-8fbb-72e7e764a452: Cleanup failed: object NoneType can't be used in 'await' expression", "module": "logging", "function": "log_to_file", "line": 226, "task_id": "33354c01-51b3-46eb-8fbb-72e7e764a452", "source": "TASK"}
{"timestamp": "2025-08-14T14:14:14.363758", "level": "ERROR", "logger": "app.core.auth.jwt_handler", "message": "JWT decode error: Signature has expired.", "module": "jwt_handler", "function": "decode_token", "line": 80}
{"timestamp": "2025-08-14T14:14:14.363758", "level": "ERROR", "logger": "app.api.v1.task", "message": "Token validation error: 'NoneType' object has no attribute 'get'", "module": "task", "function": "websocket_task_endpoint", "line": 745}
{"timestamp": "2025-08-14T14:14:17.396646", "level": "ERROR", "logger": "app.core.auth.jwt_handler", "message": "JWT decode error: Signature has expired.", "module": "jwt_handler", "function": "decode_token", "line": 80}
{"timestamp": "2025-08-14T14:14:17.401094", "level": "ERROR", "logger": "app.api.v1.task", "message": "Token validation error: 'NoneType' object has no attribute 'get'", "module": "task", "function": "websocket_task_endpoint", "line": 745}
{"timestamp": "2025-08-14T14:14:36.255553", "level": "ERROR", "logger": "app.automation.robot.robot_driver", "message": "Robot Framework not found. Please install with: pip install robotframework", "module": "robot_driver", "function": "_verify_environment", "line": 59}
{"timestamp": "2025-08-14T14:14:36.262726", "level": "ERROR", "logger": "app.automation.robot.robot_driver", "message": "Error: ", "module": "robot_driver", "function": "_verify_environment", "line": 60}
{"timestamp": "2025-08-14T14:14:36.786403", "level": "ERROR", "logger": "app.core.auth.jwt_handler", "message": "JWT decode error: Signature has expired.", "module": "jwt_handler", "function": "decode_token", "line": 80}
{"timestamp": "2025-08-14T14:14:36.995464", "level": "ERROR", "logger": "app.api.v1.task", "message": "Token validation error: 'NoneType' object has no attribute 'get'", "module": "task", "function": "websocket_task_endpoint", "line": 745}
{"timestamp": "2025-08-14T14:14:37.343503", "level": "ERROR", "logger": "app.core.auth.jwt_handler", "message": "JWT decode error: Signature has expired.", "module": "jwt_handler", "function": "decode_token", "line": 80}
{"timestamp": "2025-08-14T14:14:37.374735", "level": "ERROR", "logger": "app.api.v1.task", "message": "Token validation error: 'NoneType' object has no attribute 'get'", "module": "task", "function": "websocket_task_endpoint", "line": 745}
{"timestamp": "2025-08-14T14:14:37.846574", "level": "ERROR", "logger": "app.core.auth.jwt_handler", "message": "JWT decode error: Signature has expired.", "module": "jwt_handler", "function": "decode_token", "line": 80}
{"timestamp": "2025-08-14T14:14:37.862297", "level": "ERROR", "logger": "app.api.v1.task", "message": "Token validation error: 'NoneType' object has no attribute 'get'", "module": "task", "function": "websocket_task_endpoint", "line": 745}
{"timestamp": "2025-08-14T14:14:40.447618", "level": "ERROR", "logger": "app.core.auth.jwt_handler", "message": "JWT decode error: Signature has expired.", "module": "jwt_handler", "function": "decode_token", "line": 80}
{"timestamp": "2025-08-14T14:14:40.603871", "level": "ERROR", "logger": "app.api.v1.task", "message": "Token validation error: 'NoneType' object has no attribute 'get'", "module": "task", "function": "websocket_task_endpoint", "line": 745}
{"timestamp": "2025-08-14T14:14:41.210280", "level": "ERROR", "logger": "app.core.auth.jwt_handler", "message": "JWT decode error: Signature has expired.", "module": "jwt_handler", "function": "decode_token", "line": 80}
{"timestamp": "2025-08-14T14:14:41.357136", "level": "ERROR", "logger": "app.api.v1.task", "message": "Token validation error: 'NoneType' object has no attribute 'get'", "module": "task", "function": "websocket_task_endpoint", "line": 745}
{"timestamp": "2025-08-14T14:14:41.604281", "level": "ERROR", "logger": "app.core.auth.jwt_handler", "message": "JWT decode error: Signature has expired.", "module": "jwt_handler", "function": "decode_token", "line": 80}
{"timestamp": "2025-08-14T14:14:41.660394", "level": "ERROR", "logger": "app.api.v1.task", "message": "Token validation error: 'NoneType' object has no attribute 'get'", "module": "task", "function": "websocket_task_endpoint", "line": 745}
{"timestamp": "2025-08-14T14:14:44.325061", "level": "ERROR", "logger": "app.core.auth.jwt_handler", "message": "JWT decode error: Signature has expired.", "module": "jwt_handler", "function": "decode_token", "line": 80}
{"timestamp": "2025-08-14T14:14:44.326981", "level": "ERROR", "logger": "app.api.v1.task", "message": "Token validation error: 'NoneType' object has no attribute 'get'", "module": "task", "function": "websocket_task_endpoint", "line": 745}
{"timestamp": "2025-08-14T14:14:45.041168", "level": "ERROR", "logger": "app.core.auth.jwt_handler", "message": "JWT decode error: Signature has expired.", "module": "jwt_handler", "function": "decode_token", "line": 80}
{"timestamp": "2025-08-14T14:14:45.107162", "level": "ERROR", "logger": "app.api.v1.task", "message": "Token validation error: 'NoneType' object has no attribute 'get'", "module": "task", "function": "websocket_task_endpoint", "line": 745}
{"timestamp": "2025-08-14T14:14:45.775886", "level": "ERROR", "logger": "app.core.auth.jwt_handler", "message": "JWT decode error: Signature has expired.", "module": "jwt_handler", "function": "decode_token", "line": 80}
{"timestamp": "2025-08-14T14:14:45.819880", "level": "ERROR", "logger": "app.api.v1.task", "message": "Token validation error: 'NoneType' object has no attribute 'get'", "module": "task", "function": "websocket_task_endpoint", "line": 745}
{"timestamp": "2025-08-14T14:14:48.196657", "level": "ERROR", "logger": "app.core.auth.jwt_handler", "message": "JWT decode error: Signature has expired.", "module": "jwt_handler", "function": "decode_token", "line": 80}
{"timestamp": "2025-08-14T14:14:48.199642", "level": "ERROR", "logger": "app.api.v1.task", "message": "Token validation error: 'NoneType' object has no attribute 'get'", "module": "task", "function": "websocket_task_endpoint", "line": 745}
{"timestamp": "2025-08-14T14:14:49.577872", "level": "ERROR", "logger": "app.core.auth.jwt_handler", "message": "JWT decode error: Signature has expired.", "module": "jwt_handler", "function": "decode_token", "line": 80}
{"timestamp": "2025-08-14T14:14:49.676905", "level": "ERROR", "logger": "app.api.v1.task", "message": "Token validation error: 'NoneType' object has no attribute 'get'", "module": "task", "function": "websocket_task_endpoint", "line": 745}
{"timestamp": "2025-08-14T14:14:51.243996", "level": "ERROR", "logger": "app.core.auth.jwt_handler", "message": "JWT decode error: Signature has expired.", "module": "jwt_handler", "function": "decode_token", "line": 80}
{"timestamp": "2025-08-14T14:14:51.243996", "level": "ERROR", "logger": "app.api.v1.task", "message": "Token validation error: 'NoneType' object has no attribute 'get'", "module": "task", "function": "websocket_task_endpoint", "line": 745}
{"timestamp": "2025-08-14T14:14:53.247679", "level": "ERROR", "logger": "app.core.auth.jwt_handler", "message": "JWT decode error: Signature has expired.", "module": "jwt_handler", "function": "decode_token", "line": 80}
{"timestamp": "2025-08-14T14:14:53.262694", "level": "ERROR", "logger": "app.api.v1.task", "message": "Token validation error: 'NoneType' object has no attribute 'get'", "module": "task", "function": "websocket_task_endpoint", "line": 745}
{"timestamp": "2025-08-14T14:14:56.689335", "level": "ERROR", "logger": "app.core.auth.jwt_handler", "message": "JWT decode error: Signature has expired.", "module": "jwt_handler", "function": "decode_token", "line": 80}
{"timestamp": "2025-08-14T14:14:56.691319", "level": "ERROR", "logger": "app.api.v1.task", "message": "Token validation error: 'NoneType' object has no attribute 'get'", "module": "task", "function": "websocket_task_endpoint", "line": 745}
{"timestamp": "2025-08-14T14:14:59.138126", "level": "ERROR", "logger": "app.core.auth.jwt_handler", "message": "JWT decode error: Signature has expired.", "module": "jwt_handler", "function": "decode_token", "line": 80}
{"timestamp": "2025-08-14T14:14:59.140116", "level": "ERROR", "logger": "app.api.v1.task", "message": "Token validation error: 'NoneType' object has no attribute 'get'", "module": "task", "function": "websocket_task_endpoint", "line": 745}
{"timestamp": "2025-08-14T14:15:00.231420", "level": "ERROR", "logger": "app.core.auth.jwt_handler", "message": "JWT decode error: Signature has expired.", "module": "jwt_handler", "function": "decode_token", "line": 80}
{"timestamp": "2025-08-14T14:15:00.246406", "level": "ERROR", "logger": "app.api.v1.task", "message": "Token validation error: 'NoneType' object has no attribute 'get'", "module": "task", "function": "websocket_task_endpoint", "line": 745}
{"timestamp": "2025-08-14T14:15:02.378779", "level": "ERROR", "logger": "app.core.auth.jwt_handler", "message": "JWT decode error: Signature has expired.", "module": "jwt_handler", "function": "decode_token", "line": 80}
{"timestamp": "2025-08-14T14:15:02.412176", "level": "ERROR", "logger": "app.api.v1.task", "message": "Token validation error: 'NoneType' object has no attribute 'get'", "module": "task", "function": "websocket_task_endpoint", "line": 745}
{"timestamp": "2025-08-14T14:15:07.347495", "level": "ERROR", "logger": "app.core.auth.jwt_handler", "message": "JWT decode error: Signature has expired.", "module": "jwt_handler", "function": "decode_token", "line": 80}
{"timestamp": "2025-08-14T14:15:07.363141", "level": "ERROR", "logger": "app.api.v1.task", "message": "Token validation error: 'NoneType' object has no attribute 'get'", "module": "task", "function": "websocket_task_endpoint", "line": 745}
{"timestamp": "2025-08-14T14:15:08.196332", "level": "ERROR", "logger": "app.core.auth.jwt_handler", "message": "JWT decode error: Signature has expired.", "module": "jwt_handler", "function": "decode_token", "line": 80}
{"timestamp": "2025-08-14T14:15:08.291608", "level": "ERROR", "logger": "app.api.v1.task", "message": "Token validation error: 'NoneType' object has no attribute 'get'", "module": "task", "function": "websocket_task_endpoint", "line": 745}
{"timestamp": "2025-08-14T14:15:09.369353", "level": "ERROR", "logger": "app.core.auth.jwt_handler", "message": "JWT decode error: Signature has expired.", "module": "jwt_handler", "function": "decode_token", "line": 80}
{"timestamp": "2025-08-14T14:15:09.406349", "level": "ERROR", "logger": "app.api.v1.task", "message": "Token validation error: 'NoneType' object has no attribute 'get'", "module": "task", "function": "websocket_task_endpoint", "line": 745}
{"timestamp": "2025-08-14T14:15:17.011177", "level": "ERROR", "logger": "app.core.auth.jwt_handler", "message": "JWT decode error: Signature has expired.", "module": "jwt_handler", "function": "decode_token", "line": 80}
{"timestamp": "2025-08-14T14:15:17.016166", "level": "ERROR", "logger": "app.api.v1.task", "message": "Token validation error: 'NoneType' object has no attribute 'get'", "module": "task", "function": "websocket_task_endpoint", "line": 745}
{"timestamp": "2025-08-14T14:15:18.782332", "level": "ERROR", "logger": "app.core.auth.jwt_handler", "message": "JWT decode error: Signature has expired.", "module": "jwt_handler", "function": "decode_token", "line": 80}
{"timestamp": "2025-08-14T14:15:18.785327", "level": "ERROR", "logger": "app.api.v1.task", "message": "Token validation error: 'NoneType' object has no attribute 'get'", "module": "task", "function": "websocket_task_endpoint", "line": 745}
{"timestamp": "2025-08-14T14:15:19.428625", "level": "ERROR", "logger": "app.core.auth.jwt_handler", "message": "JWT decode error: Signature has expired.", "module": "jwt_handler", "function": "decode_token", "line": 80}
{"timestamp": "2025-08-14T14:15:19.430768", "level": "ERROR", "logger": "app.api.v1.task", "message": "Token validation error: 'NoneType' object has no attribute 'get'", "module": "task", "function": "websocket_task_endpoint", "line": 745}
{"timestamp": "2025-08-14T14:15:21.893203", "level": "ERROR", "logger": "app.core.auth.jwt_handler", "message": "JWT decode error: Signature has expired.", "module": "jwt_handler", "function": "decode_token", "line": 80}
{"timestamp": "2025-08-14T14:15:21.929170", "level": "ERROR", "logger": "app.api.v1.task", "message": "Token validation error: 'NoneType' object has no attribute 'get'", "module": "task", "function": "websocket_task_endpoint", "line": 745}
{"timestamp": "2025-08-14T14:15:25.037680", "level": "ERROR", "logger": "app.core.auth.jwt_handler", "message": "JWT decode error: Signature has expired.", "module": "jwt_handler", "function": "decode_token", "line": 80}
{"timestamp": "2025-08-14T14:15:25.039678", "level": "ERROR", "logger": "app.api.v1.task", "message": "Token validation error: 'NoneType' object has no attribute 'get'", "module": "task", "function": "websocket_task_endpoint", "line": 745}
{"timestamp": "2025-08-14T14:15:25.951517", "level": "ERROR", "logger": "app.core.auth.jwt_handler", "message": "JWT decode error: Signature has expired.", "module": "jwt_handler", "function": "decode_token", "line": 80}
{"timestamp": "2025-08-14T14:15:25.953518", "level": "ERROR", "logger": "app.api.v1.task", "message": "Token validation error: 'NoneType' object has no attribute 'get'", "module": "task", "function": "websocket_task_endpoint", "line": 745}
{"timestamp": "2025-08-14T14:15:26.577765", "level": "ERROR", "logger": "app.core.auth.jwt_handler", "message": "JWT decode error: Signature has expired.", "module": "jwt_handler", "function": "decode_token", "line": 80}
{"timestamp": "2025-08-14T14:15:26.588739", "level": "ERROR", "logger": "app.api.v1.task", "message": "Token validation error: 'NoneType' object has no attribute 'get'", "module": "task", "function": "websocket_task_endpoint", "line": 745}
{"timestamp": "2025-08-14T14:15:31.188661", "level": "ERROR", "logger": "app.core.auth.jwt_handler", "message": "JWT decode error: Signature has expired.", "module": "jwt_handler", "function": "decode_token", "line": 80}
{"timestamp": "2025-08-14T14:15:31.223655", "level": "ERROR", "logger": "app.api.v1.task", "message": "Token validation error: 'NoneType' object has no attribute 'get'", "module": "task", "function": "websocket_task_endpoint", "line": 745}
{"timestamp": "2025-08-14T14:15:32.392383", "level": "ERROR", "logger": "app.core.auth.jwt_handler", "message": "JWT decode error: Signature has expired.", "module": "jwt_handler", "function": "decode_token", "line": 80}
{"timestamp": "2025-08-14T14:15:32.395397", "level": "ERROR", "logger": "app.api.v1.task", "message": "Token validation error: 'NoneType' object has no attribute 'get'", "module": "task", "function": "websocket_task_endpoint", "line": 745}
{"timestamp": "2025-08-14T14:15:32.552384", "level": "ERROR", "logger": "app.core.auth.jwt_handler", "message": "JWT decode error: Signature has expired.", "module": "jwt_handler", "function": "decode_token", "line": 80}
{"timestamp": "2025-08-14T14:15:32.554385", "level": "ERROR", "logger": "app.api.v1.task", "message": "Token validation error: 'NoneType' object has no attribute 'get'", "module": "task", "function": "websocket_task_endpoint", "line": 745}
{"timestamp": "2025-08-14T14:15:38.420445", "level": "ERROR", "logger": "app.core.auth.jwt_handler", "message": "JWT decode error: Signature has expired.", "module": "jwt_handler", "function": "decode_token", "line": 80}
{"timestamp": "2025-08-14T14:15:38.422447", "level": "ERROR", "logger": "app.api.v1.task", "message": "Token validation error: 'NoneType' object has no attribute 'get'", "module": "task", "function": "websocket_task_endpoint", "line": 745}
{"timestamp": "2025-08-14T14:15:39.398064", "level": "ERROR", "logger": "app.core.auth.jwt_handler", "message": "JWT decode error: Signature has expired.", "module": "jwt_handler", "function": "decode_token", "line": 80}
{"timestamp": "2025-08-14T14:15:39.402083", "level": "ERROR", "logger": "app.api.v1.task", "message": "Token validation error: 'NoneType' object has no attribute 'get'", "module": "task", "function": "websocket_task_endpoint", "line": 745}
{"timestamp": "2025-08-14T14:15:39.872598", "level": "ERROR", "logger": "app.core.auth.jwt_handler", "message": "JWT decode error: Signature has expired.", "module": "jwt_handler", "function": "decode_token", "line": 80}
{"timestamp": "2025-08-14T14:15:39.884598", "level": "ERROR", "logger": "app.api.v1.task", "message": "Token validation error: 'NoneType' object has no attribute 'get'", "module": "task", "function": "websocket_task_endpoint", "line": 745}
{"timestamp": "2025-08-14T14:15:43.662468", "level": "ERROR", "logger": "app.core.auth.jwt_handler", "message": "JWT decode error: Signature has expired.", "module": "jwt_handler", "function": "decode_token", "line": 80}
{"timestamp": "2025-08-14T14:15:43.669464", "level": "ERROR", "logger": "app.api.v1.task", "message": "Token validation error: 'NoneType' object has no attribute 'get'", "module": "task", "function": "websocket_task_endpoint", "line": 745}
{"timestamp": "2025-08-14T14:15:44.285447", "level": "ERROR", "logger": "app.core.auth.jwt_handler", "message": "JWT decode error: Signature has expired.", "module": "jwt_handler", "function": "decode_token", "line": 80}
{"timestamp": "2025-08-14T14:15:44.287464", "level": "ERROR", "logger": "app.api.v1.task", "message": "Token validation error: 'NoneType' object has no attribute 'get'", "module": "task", "function": "websocket_task_endpoint", "line": 745}
{"timestamp": "2025-08-14T14:15:47.166362", "level": "ERROR", "logger": "app.core.auth.jwt_handler", "message": "JWT decode error: Signature has expired.", "module": "jwt_handler", "function": "decode_token", "line": 80}
{"timestamp": "2025-08-14T14:15:47.169358", "level": "ERROR", "logger": "app.api.v1.task", "message": "Token validation error: 'NoneType' object has no attribute 'get'", "module": "task", "function": "websocket_task_endpoint", "line": 745}
{"timestamp": "2025-08-14T14:15:49.056369", "level": "ERROR", "logger": "app.core.auth.jwt_handler", "message": "JWT decode error: Signature has expired.", "module": "jwt_handler", "function": "decode_token", "line": 80}
{"timestamp": "2025-08-14T14:15:49.065379", "level": "ERROR", "logger": "app.api.v1.task", "message": "Token validation error: 'NoneType' object has no attribute 'get'", "module": "task", "function": "websocket_task_endpoint", "line": 745}
{"timestamp": "2025-08-14T14:15:50.498143", "level": "ERROR", "logger": "app.core.auth.jwt_handler", "message": "JWT decode error: Signature has expired.", "module": "jwt_handler", "function": "decode_token", "line": 80}
{"timestamp": "2025-08-14T14:15:50.501138", "level": "ERROR", "logger": "app.api.v1.task", "message": "Token validation error: 'NoneType' object has no attribute 'get'", "module": "task", "function": "websocket_task_endpoint", "line": 745}
{"timestamp": "2025-08-14T14:15:54.594456", "level": "ERROR", "logger": "app.core.auth.jwt_handler", "message": "JWT decode error: Signature has expired.", "module": "jwt_handler", "function": "decode_token", "line": 80}
{"timestamp": "2025-08-14T14:15:54.604446", "level": "ERROR", "logger": "app.api.v1.task", "message": "Token validation error: 'NoneType' object has no attribute 'get'", "module": "task", "function": "websocket_task_endpoint", "line": 745}
{"timestamp": "2025-08-14T14:15:57.002946", "level": "ERROR", "logger": "app.core.auth.jwt_handler", "message": "JWT decode error: Signature has expired.", "module": "jwt_handler", "function": "decode_token", "line": 80}
{"timestamp": "2025-08-14T14:15:57.004938", "level": "ERROR", "logger": "app.api.v1.task", "message": "Token validation error: 'NoneType' object has no attribute 'get'", "module": "task", "function": "websocket_task_endpoint", "line": 745}
{"timestamp": "2025-08-14T14:15:57.906509", "level": "ERROR", "logger": "app.core.auth.jwt_handler", "message": "JWT decode error: Signature has expired.", "module": "jwt_handler", "function": "decode_token", "line": 80}
{"timestamp": "2025-08-14T14:15:58.054525", "level": "ERROR", "logger": "app.api.v1.task", "message": "Token validation error: 'NoneType' object has no attribute 'get'", "module": "task", "function": "websocket_task_endpoint", "line": 745}
{"timestamp": "2025-08-14T14:16:01.597211", "level": "ERROR", "logger": "app.core.auth.jwt_handler", "message": "JWT decode error: Signature has expired.", "module": "jwt_handler", "function": "decode_token", "line": 80}
{"timestamp": "2025-08-14T14:16:01.601192", "level": "ERROR", "logger": "app.api.v1.task", "message": "Token validation error: 'NoneType' object has no attribute 'get'", "module": "task", "function": "websocket_task_endpoint", "line": 745}
{"timestamp": "2025-08-14T14:16:02.733399", "level": "ERROR", "logger": "app.core.auth.jwt_handler", "message": "JWT decode error: Signature has expired.", "module": "jwt_handler", "function": "decode_token", "line": 80}
{"timestamp": "2025-08-14T14:16:02.735395", "level": "ERROR", "logger": "app.api.v1.task", "message": "Token validation error: 'NoneType' object has no attribute 'get'", "module": "task", "function": "websocket_task_endpoint", "line": 745}
{"timestamp": "2025-08-14T14:16:05.356126", "level": "ERROR", "logger": "app.core.auth.jwt_handler", "message": "JWT decode error: Signature has expired.", "module": "jwt_handler", "function": "decode_token", "line": 80}
{"timestamp": "2025-08-14T14:16:05.403106", "level": "ERROR", "logger": "app.api.v1.task", "message": "Token validation error: 'NoneType' object has no attribute 'get'", "module": "task", "function": "websocket_task_endpoint", "line": 745}
{"timestamp": "2025-08-14T14:16:09.771222", "level": "ERROR", "logger": "app.core.auth.jwt_handler", "message": "JWT decode error: Signature has expired.", "module": "jwt_handler", "function": "decode_token", "line": 80}
{"timestamp": "2025-08-14T14:16:09.775253", "level": "ERROR", "logger": "app.api.v1.task", "message": "Token validation error: 'NoneType' object has no attribute 'get'", "module": "task", "function": "websocket_task_endpoint", "line": 745}
{"timestamp": "2025-08-14T14:16:10.622022", "level": "ERROR", "logger": "app.core.auth.jwt_handler", "message": "JWT decode error: Signature has expired.", "module": "jwt_handler", "function": "decode_token", "line": 80}
{"timestamp": "2025-08-14T14:16:10.624041", "level": "ERROR", "logger": "app.api.v1.task", "message": "Token validation error: 'NoneType' object has no attribute 'get'", "module": "task", "function": "websocket_task_endpoint", "line": 745}
{"timestamp": "2025-08-14T14:16:11.356460", "level": "ERROR", "logger": "app.core.auth.jwt_handler", "message": "JWT decode error: Signature has expired.", "module": "jwt_handler", "function": "decode_token", "line": 80}
{"timestamp": "2025-08-14T14:16:11.360329", "level": "ERROR", "logger": "app.api.v1.task", "message": "Token validation error: 'NoneType' object has no attribute 'get'", "module": "task", "function": "websocket_task_endpoint", "line": 745}
{"timestamp": "2025-08-14T14:16:16.449840", "level": "ERROR", "logger": "app.core.auth.jwt_handler", "message": "JWT decode error: Signature has expired.", "module": "jwt_handler", "function": "decode_token", "line": 80}
{"timestamp": "2025-08-14T14:16:16.452842", "level": "ERROR", "logger": "app.api.v1.task", "message": "Token validation error: 'NoneType' object has no attribute 'get'", "module": "task", "function": "websocket_task_endpoint", "line": 745}
{"timestamp": "2025-08-14T14:16:16.879199", "level": "ERROR", "logger": "app.core.auth.jwt_handler", "message": "JWT decode error: Signature has expired.", "module": "jwt_handler", "function": "decode_token", "line": 80}
{"timestamp": "2025-08-14T14:16:16.882185", "level": "ERROR", "logger": "app.api.v1.task", "message": "Token validation error: 'NoneType' object has no attribute 'get'", "module": "task", "function": "websocket_task_endpoint", "line": 745}
{"timestamp": "2025-08-14T14:16:16.910177", "level": "ERROR", "logger": "app.core.auth.jwt_handler", "message": "JWT decode error: Signature has expired.", "module": "jwt_handler", "function": "decode_token", "line": 80}
{"timestamp": "2025-08-14T14:16:16.912175", "level": "ERROR", "logger": "app.api.v1.task", "message": "Token validation error: 'NoneType' object has no attribute 'get'", "module": "task", "function": "websocket_task_endpoint", "line": 745}
{"timestamp": "2025-08-14T14:16:22.216437", "level": "ERROR", "logger": "app.core.auth.jwt_handler", "message": "JWT decode error: Signature has expired.", "module": "jwt_handler", "function": "decode_token", "line": 80}
{"timestamp": "2025-08-14T14:16:22.218439", "level": "ERROR", "logger": "app.api.v1.task", "message": "Token validation error: 'NoneType' object has no attribute 'get'", "module": "task", "function": "websocket_task_endpoint", "line": 745}
{"timestamp": "2025-08-14T14:16:23.205022", "level": "ERROR", "logger": "app.core.auth.jwt_handler", "message": "JWT decode error: Signature has expired.", "module": "jwt_handler", "function": "decode_token", "line": 80}
{"timestamp": "2025-08-14T14:16:23.208027", "level": "ERROR", "logger": "app.api.v1.task", "message": "Token validation error: 'NoneType' object has no attribute 'get'", "module": "task", "function": "websocket_task_endpoint", "line": 745}
{"timestamp": "2025-08-14T14:16:24.496228", "level": "ERROR", "logger": "app.core.auth.jwt_handler", "message": "JWT decode error: Signature has expired.", "module": "jwt_handler", "function": "decode_token", "line": 80}
{"timestamp": "2025-08-14T14:16:24.499236", "level": "ERROR", "logger": "app.api.v1.task", "message": "Token validation error: 'NoneType' object has no attribute 'get'", "module": "task", "function": "websocket_task_endpoint", "line": 745}
{"timestamp": "2025-08-14T14:16:29.553973", "level": "ERROR", "logger": "app.core.auth.jwt_handler", "message": "JWT decode error: Signature has expired.", "module": "jwt_handler", "function": "decode_token", "line": 80}
{"timestamp": "2025-08-14T14:16:29.567996", "level": "ERROR", "logger": "app.api.v1.task", "message": "Token validation error: 'NoneType' object has no attribute 'get'", "module": "task", "function": "websocket_task_endpoint", "line": 745}
{"timestamp": "2025-08-14T14:16:30.384000", "level": "ERROR", "logger": "app.core.auth.jwt_handler", "message": "JWT decode error: Signature has expired.", "module": "jwt_handler", "function": "decode_token", "line": 80}
{"timestamp": "2025-08-14T14:16:30.558987", "level": "ERROR", "logger": "app.api.v1.task", "message": "Token validation error: 'NoneType' object has no attribute 'get'", "module": "task", "function": "websocket_task_endpoint", "line": 745}
{"timestamp": "2025-08-14T14:16:31.412097", "level": "ERROR", "logger": "app.core.auth.jwt_handler", "message": "JWT decode error: Signature has expired.", "module": "jwt_handler", "function": "decode_token", "line": 80}
{"timestamp": "2025-08-14T14:16:31.498890", "level": "ERROR", "logger": "app.api.v1.task", "message": "Token validation error: 'NoneType' object has no attribute 'get'", "module": "task", "function": "websocket_task_endpoint", "line": 745}
{"timestamp": "2025-08-14T14:16:35.399446", "level": "ERROR", "logger": "app.core.auth.jwt_handler", "message": "JWT decode error: Signature has expired.", "module": "jwt_handler", "function": "decode_token", "line": 80}
{"timestamp": "2025-08-14T14:16:35.401339", "level": "ERROR", "logger": "app.api.v1.task", "message": "Token validation error: 'NoneType' object has no attribute 'get'", "module": "task", "function": "websocket_task_endpoint", "line": 745}
{"timestamp": "2025-08-14T14:16:36.231849", "level": "ERROR", "logger": "app.core.auth.jwt_handler", "message": "JWT decode error: Signature has expired.", "module": "jwt_handler", "function": "decode_token", "line": 80}
{"timestamp": "2025-08-14T14:16:36.253835", "level": "ERROR", "logger": "app.api.v1.task", "message": "Token validation error: 'NoneType' object has no attribute 'get'", "module": "task", "function": "websocket_task_endpoint", "line": 745}
{"timestamp": "2025-08-14T14:16:39.170626", "level": "ERROR", "logger": "app.core.auth.jwt_handler", "message": "JWT decode error: Signature has expired.", "module": "jwt_handler", "function": "decode_token", "line": 80}
{"timestamp": "2025-08-14T14:16:39.177636", "level": "ERROR", "logger": "app.api.v1.task", "message": "Token validation error: 'NoneType' object has no attribute 'get'", "module": "task", "function": "websocket_task_endpoint", "line": 745}
{"timestamp": "2025-08-14T14:16:42.115775", "level": "ERROR", "logger": "app.core.auth.jwt_handler", "message": "JWT decode error: Signature has expired.", "module": "jwt_handler", "function": "decode_token", "line": 80}
{"timestamp": "2025-08-14T14:16:42.131538", "level": "ERROR", "logger": "app.api.v1.task", "message": "Token validation error: 'NoneType' object has no attribute 'get'", "module": "task", "function": "websocket_task_endpoint", "line": 745}
{"timestamp": "2025-08-14T14:16:44.434611", "level": "ERROR", "logger": "app.core.auth.jwt_handler", "message": "JWT decode error: Signature has expired.", "module": "jwt_handler", "function": "decode_token", "line": 80}
{"timestamp": "2025-08-14T14:16:44.436822", "level": "ERROR", "logger": "app.api.v1.task", "message": "Token validation error: 'NoneType' object has no attribute 'get'", "module": "task", "function": "websocket_task_endpoint", "line": 745}
{"timestamp": "2025-08-14T14:16:47.499580", "level": "ERROR", "logger": "app.core.auth.jwt_handler", "message": "JWT decode error: Signature has expired.", "module": "jwt_handler", "function": "decode_token", "line": 80}
{"timestamp": "2025-08-14T14:16:47.501591", "level": "ERROR", "logger": "app.api.v1.task", "message": "Token validation error: 'NoneType' object has no attribute 'get'", "module": "task", "function": "websocket_task_endpoint", "line": 745}
{"timestamp": "2025-08-14T14:16:48.094836", "level": "ERROR", "logger": "app.core.auth.jwt_handler", "message": "JWT decode error: Signature has expired.", "module": "jwt_handler", "function": "decode_token", "line": 80}
{"timestamp": "2025-08-14T14:16:48.097837", "level": "ERROR", "logger": "app.api.v1.task", "message": "Token validation error: 'NoneType' object has no attribute 'get'", "module": "task", "function": "websocket_task_endpoint", "line": 745}
{"timestamp": "2025-08-14T14:16:49.172234", "level": "ERROR", "logger": "app.core.auth.jwt_handler", "message": "JWT decode error: Signature has expired.", "module": "jwt_handler", "function": "decode_token", "line": 80}
{"timestamp": "2025-08-14T14:16:49.174231", "level": "ERROR", "logger": "app.api.v1.task", "message": "Token validation error: 'NoneType' object has no attribute 'get'", "module": "task", "function": "websocket_task_endpoint", "line": 745}
{"timestamp": "2025-08-14T14:16:52.993623", "level": "ERROR", "logger": "app.core.auth.jwt_handler", "message": "JWT decode error: Signature has expired.", "module": "jwt_handler", "function": "decode_token", "line": 80}
{"timestamp": "2025-08-14T14:16:53.002587", "level": "ERROR", "logger": "app.api.v1.task", "message": "Token validation error: 'NoneType' object has no attribute 'get'", "module": "task", "function": "websocket_task_endpoint", "line": 745}
{"timestamp": "2025-08-14T14:16:53.774595", "level": "ERROR", "logger": "app.core.auth.jwt_handler", "message": "JWT decode error: Signature has expired.", "module": "jwt_handler", "function": "decode_token", "line": 80}
{"timestamp": "2025-08-14T14:16:53.833603", "level": "ERROR", "logger": "app.api.v1.task", "message": "Token validation error: 'NoneType' object has no attribute 'get'", "module": "task", "function": "websocket_task_endpoint", "line": 745}
{"timestamp": "2025-08-14T14:16:56.647388", "level": "ERROR", "logger": "app.core.auth.jwt_handler", "message": "JWT decode error: Signature has expired.", "module": "jwt_handler", "function": "decode_token", "line": 80}
{"timestamp": "2025-08-14T14:16:56.650417", "level": "ERROR", "logger": "app.api.v1.task", "message": "Token validation error: 'NoneType' object has no attribute 'get'", "module": "task", "function": "websocket_task_endpoint", "line": 745}
{"timestamp": "2025-08-14T14:16:59.524932", "level": "ERROR", "logger": "app.core.auth.jwt_handler", "message": "JWT decode error: Signature has expired.", "module": "jwt_handler", "function": "decode_token", "line": 80}
{"timestamp": "2025-08-14T14:16:59.571921", "level": "ERROR", "logger": "app.api.v1.task", "message": "Token validation error: 'NoneType' object has no attribute 'get'", "module": "task", "function": "websocket_task_endpoint", "line": 745}
{"timestamp": "2025-08-14T14:16:59.917270", "level": "ERROR", "logger": "app.core.auth.jwt_handler", "message": "JWT decode error: Signature has expired.", "module": "jwt_handler", "function": "decode_token", "line": 80}
{"timestamp": "2025-08-14T14:16:59.923237", "level": "ERROR", "logger": "app.api.v1.task", "message": "Token validation error: 'NoneType' object has no attribute 'get'", "module": "task", "function": "websocket_task_endpoint", "line": 745}
{"timestamp": "2025-08-14T14:17:01.593003", "level": "ERROR", "logger": "app.core.auth.jwt_handler", "message": "JWT decode error: Signature has expired.", "module": "jwt_handler", "function": "decode_token", "line": 80}
{"timestamp": "2025-08-14T14:17:01.596005", "level": "ERROR", "logger": "app.api.v1.task", "message": "Token validation error: 'NoneType' object has no attribute 'get'", "module": "task", "function": "websocket_task_endpoint", "line": 745}
{"timestamp": "2025-08-14T14:17:27.991495", "level": "ERROR", "logger": "app.automation.robot.robot_driver", "message": "Robot Framework not found. Please install with: pip install robotframework", "module": "robot_driver", "function": "_verify_environment", "line": 59}
{"timestamp": "2025-08-14T14:17:27.995539", "level": "ERROR", "logger": "app.automation.robot.robot_driver", "message": "Error: ", "module": "robot_driver", "function": "_verify_environment", "line": 60}
{"timestamp": "2025-08-14T14:17:28.429885", "level": "ERROR", "logger": "app.core.auth.jwt_handler", "message": "JWT decode error: Signature has expired.", "module": "jwt_handler", "function": "decode_token", "line": 80}
{"timestamp": "2025-08-14T14:17:28.762290", "level": "ERROR", "logger": "app.api.v1.task", "message": "Token validation error: 'NoneType' object has no attribute 'get'", "module": "task", "function": "websocket_task_endpoint", "line": 745}
{"timestamp": "2025-08-14T14:17:29.042285", "level": "ERROR", "logger": "app.core.auth.jwt_handler", "message": "JWT decode error: Signature has expired.", "module": "jwt_handler", "function": "decode_token", "line": 80}
{"timestamp": "2025-08-14T14:17:29.046276", "level": "ERROR", "logger": "app.api.v1.task", "message": "Token validation error: 'NoneType' object has no attribute 'get'", "module": "task", "function": "websocket_task_endpoint", "line": 745}
{"timestamp": "2025-08-14T14:17:29.083272", "level": "ERROR", "logger": "app.core.auth.jwt_handler", "message": "JWT decode error: Signature has expired.", "module": "jwt_handler", "function": "decode_token", "line": 80}
{"timestamp": "2025-08-14T14:17:29.087283", "level": "ERROR", "logger": "app.api.v1.task", "message": "Token validation error: 'NoneType' object has no attribute 'get'", "module": "task", "function": "websocket_task_endpoint", "line": 745}
{"timestamp": "2025-08-14T14:17:35.581371", "level": "ERROR", "logger": "app.core.auth.jwt_handler", "message": "JWT decode error: Signature has expired.", "module": "jwt_handler", "function": "decode_token", "line": 80}
{"timestamp": "2025-08-14T14:17:35.645367", "level": "ERROR", "logger": "app.api.v1.task", "message": "Token validation error: 'NoneType' object has no attribute 'get'", "module": "task", "function": "websocket_task_endpoint", "line": 745}
{"timestamp": "2025-08-14T14:17:35.881901", "level": "ERROR", "logger": "app.core.auth.jwt_handler", "message": "JWT decode error: Signature has expired.", "module": "jwt_handler", "function": "decode_token", "line": 80}
{"timestamp": "2025-08-14T14:17:35.885933", "level": "ERROR", "logger": "app.api.v1.task", "message": "Token validation error: 'NoneType' object has no attribute 'get'", "module": "task", "function": "websocket_task_endpoint", "line": 745}
{"timestamp": "2025-08-14T14:17:36.381820", "level": "ERROR", "logger": "app.core.auth.jwt_handler", "message": "JWT decode error: Signature has expired.", "module": "jwt_handler", "function": "decode_token", "line": 80}
{"timestamp": "2025-08-14T14:17:36.424817", "level": "ERROR", "logger": "app.api.v1.task", "message": "Token validation error: 'NoneType' object has no attribute 'get'", "module": "task", "function": "websocket_task_endpoint", "line": 745}
{"timestamp": "2025-08-14T14:17:42.263587", "level": "ERROR", "logger": "app.core.auth.jwt_handler", "message": "JWT decode error: Signature has expired.", "module": "jwt_handler", "function": "decode_token", "line": 80}
{"timestamp": "2025-08-14T14:17:42.266630", "level": "ERROR", "logger": "app.api.v1.task", "message": "Token validation error: 'NoneType' object has no attribute 'get'", "module": "task", "function": "websocket_task_endpoint", "line": 745}
{"timestamp": "2025-08-14T14:17:43.016405", "level": "ERROR", "logger": "app.core.auth.jwt_handler", "message": "JWT decode error: Signature has expired.", "module": "jwt_handler", "function": "decode_token", "line": 80}
{"timestamp": "2025-08-14T14:17:43.028412", "level": "ERROR", "logger": "app.api.v1.task", "message": "Token validation error: 'NoneType' object has no attribute 'get'", "module": "task", "function": "websocket_task_endpoint", "line": 745}
{"timestamp": "2025-08-14T14:17:43.752464", "level": "ERROR", "logger": "app.core.auth.jwt_handler", "message": "JWT decode error: Signature has expired.", "module": "jwt_handler", "function": "decode_token", "line": 80}
{"timestamp": "2025-08-14T14:17:43.754477", "level": "ERROR", "logger": "app.api.v1.task", "message": "Token validation error: 'NoneType' object has no attribute 'get'", "module": "task", "function": "websocket_task_endpoint", "line": 745}
{"timestamp": "2025-08-14T14:17:48.782212", "level": "ERROR", "logger": "app.core.auth.jwt_handler", "message": "JWT decode error: Signature has expired.", "module": "jwt_handler", "function": "decode_token", "line": 80}
{"timestamp": "2025-08-14T14:17:48.787220", "level": "ERROR", "logger": "app.api.v1.task", "message": "Token validation error: 'NoneType' object has no attribute 'get'", "module": "task", "function": "websocket_task_endpoint", "line": 745}
{"timestamp": "2025-08-14T14:17:49.187807", "level": "ERROR", "logger": "app.core.auth.jwt_handler", "message": "JWT decode error: Signature has expired.", "module": "jwt_handler", "function": "decode_token", "line": 80}
{"timestamp": "2025-08-14T14:17:49.191821", "level": "ERROR", "logger": "app.api.v1.task", "message": "Token validation error: 'NoneType' object has no attribute 'get'", "module": "task", "function": "websocket_task_endpoint", "line": 745}
{"timestamp": "2025-08-14T14:17:50.553727", "level": "ERROR", "logger": "app.core.auth.jwt_handler", "message": "JWT decode error: Signature has expired.", "module": "jwt_handler", "function": "decode_token", "line": 80}
{"timestamp": "2025-08-14T14:17:50.554735", "level": "ERROR", "logger": "app.api.v1.task", "message": "Token validation error: 'NoneType' object has no attribute 'get'", "module": "task", "function": "websocket_task_endpoint", "line": 745}
{"timestamp": "2025-08-14T14:17:53.412450", "level": "ERROR", "logger": "app.core.auth.jwt_handler", "message": "JWT decode error: Signature has expired.", "module": "jwt_handler", "function": "decode_token", "line": 80}
{"timestamp": "2025-08-14T14:17:53.414447", "level": "ERROR", "logger": "app.api.v1.task", "message": "Token validation error: 'NoneType' object has no attribute 'get'", "module": "task", "function": "websocket_task_endpoint", "line": 745}
{"timestamp": "2025-08-14T14:17:56.085950", "level": "ERROR", "logger": "app.core.auth.jwt_handler", "message": "JWT decode error: Signature has expired.", "module": "jwt_handler", "function": "decode_token", "line": 80}
{"timestamp": "2025-08-14T14:17:56.089936", "level": "ERROR", "logger": "app.api.v1.task", "message": "Token validation error: 'NoneType' object has no attribute 'get'", "module": "task", "function": "websocket_task_endpoint", "line": 745}
{"timestamp": "2025-08-14T14:17:57.079779", "level": "ERROR", "logger": "app.core.auth.jwt_handler", "message": "JWT decode error: Signature has expired.", "module": "jwt_handler", "function": "decode_token", "line": 80}
{"timestamp": "2025-08-14T14:17:57.082772", "level": "ERROR", "logger": "app.api.v1.task", "message": "Token validation error: 'NoneType' object has no attribute 'get'", "module": "task", "function": "websocket_task_endpoint", "line": 745}
{"timestamp": "2025-08-14T14:18:01.712865", "level": "ERROR", "logger": "app.core.auth.jwt_handler", "message": "JWT decode error: Signature has expired.", "module": "jwt_handler", "function": "decode_token", "line": 80}
{"timestamp": "2025-08-14T14:18:01.715866", "level": "ERROR", "logger": "app.api.v1.task", "message": "Token validation error: 'NoneType' object has no attribute 'get'", "module": "task", "function": "websocket_task_endpoint", "line": 745}
{"timestamp": "2025-08-14T14:18:03.274160", "level": "ERROR", "logger": "app.core.auth.jwt_handler", "message": "JWT decode error: Signature has expired.", "module": "jwt_handler", "function": "decode_token", "line": 80}
{"timestamp": "2025-08-14T14:18:03.277163", "level": "ERROR", "logger": "app.api.v1.task", "message": "Token validation error: 'NoneType' object has no attribute 'get'", "module": "task", "function": "websocket_task_endpoint", "line": 745}
{"timestamp": "2025-08-14T14:18:05.159450", "level": "ERROR", "logger": "app.core.auth.jwt_handler", "message": "JWT decode error: Signature has expired.", "module": "jwt_handler", "function": "decode_token", "line": 80}
{"timestamp": "2025-08-14T14:18:05.161445", "level": "ERROR", "logger": "app.api.v1.task", "message": "Token validation error: 'NoneType' object has no attribute 'get'", "module": "task", "function": "websocket_task_endpoint", "line": 745}
{"timestamp": "2025-08-14T14:18:08.728213", "level": "ERROR", "logger": "app.core.auth.jwt_handler", "message": "JWT decode error: Signature has expired.", "module": "jwt_handler", "function": "decode_token", "line": 80}
{"timestamp": "2025-08-14T14:18:08.730108", "level": "ERROR", "logger": "app.api.v1.task", "message": "Token validation error: 'NoneType' object has no attribute 'get'", "module": "task", "function": "websocket_task_endpoint", "line": 745}
{"timestamp": "2025-08-14T14:18:09.707789", "level": "ERROR", "logger": "app.core.auth.jwt_handler", "message": "JWT decode error: Signature has expired.", "module": "jwt_handler", "function": "decode_token", "line": 80}
{"timestamp": "2025-08-14T14:18:09.723829", "level": "ERROR", "logger": "app.api.v1.task", "message": "Token validation error: 'NoneType' object has no attribute 'get'", "module": "task", "function": "websocket_task_endpoint", "line": 745}
{"timestamp": "2025-08-14T14:18:12.313708", "level": "ERROR", "logger": "app.core.auth.jwt_handler", "message": "JWT decode error: Signature has expired.", "module": "jwt_handler", "function": "decode_token", "line": 80}
{"timestamp": "2025-08-14T14:18:12.317713", "level": "ERROR", "logger": "app.api.v1.task", "message": "Token validation error: 'NoneType' object has no attribute 'get'", "module": "task", "function": "websocket_task_endpoint", "line": 745}
{"timestamp": "2025-08-14T14:18:16.435212", "level": "ERROR", "logger": "app.core.auth.jwt_handler", "message": "JWT decode error: Signature has expired.", "module": "jwt_handler", "function": "decode_token", "line": 80}
{"timestamp": "2025-08-14T14:18:16.439201", "level": "ERROR", "logger": "app.api.v1.task", "message": "Token validation error: 'NoneType' object has no attribute 'get'", "module": "task", "function": "websocket_task_endpoint", "line": 745}
{"timestamp": "2025-08-14T14:18:17.572997", "level": "ERROR", "logger": "app.core.auth.jwt_handler", "message": "JWT decode error: Signature has expired.", "module": "jwt_handler", "function": "decode_token", "line": 80}
{"timestamp": "2025-08-14T14:18:17.575988", "level": "ERROR", "logger": "app.api.v1.task", "message": "Token validation error: 'NoneType' object has no attribute 'get'", "module": "task", "function": "websocket_task_endpoint", "line": 745}
{"timestamp": "2025-08-14T14:18:18.947723", "level": "ERROR", "logger": "app.core.auth.jwt_handler", "message": "JWT decode error: Signature has expired.", "module": "jwt_handler", "function": "decode_token", "line": 80}
{"timestamp": "2025-08-14T14:18:18.949708", "level": "ERROR", "logger": "app.api.v1.task", "message": "Token validation error: 'NoneType' object has no attribute 'get'", "module": "task", "function": "websocket_task_endpoint", "line": 745}
{"timestamp": "2025-08-14T14:18:21.361818", "level": "ERROR", "logger": "app.core.auth.jwt_handler", "message": "JWT decode error: Signature has expired.", "module": "jwt_handler", "function": "decode_token", "line": 80}
{"timestamp": "2025-08-14T14:18:21.412883", "level": "ERROR", "logger": "app.api.v1.task", "message": "Token validation error: 'NoneType' object has no attribute 'get'", "module": "task", "function": "websocket_task_endpoint", "line": 745}
{"timestamp": "2025-08-14T14:18:23.455085", "level": "ERROR", "logger": "app.core.auth.jwt_handler", "message": "JWT decode error: Signature has expired.", "module": "jwt_handler", "function": "decode_token", "line": 80}
{"timestamp": "2025-08-14T14:18:23.461078", "level": "ERROR", "logger": "app.api.v1.task", "message": "Token validation error: 'NoneType' object has no attribute 'get'", "module": "task", "function": "websocket_task_endpoint", "line": 745}
{"timestamp": "2025-08-14T14:18:25.549949", "level": "ERROR", "logger": "app.core.auth.jwt_handler", "message": "JWT decode error: Signature has expired.", "module": "jwt_handler", "function": "decode_token", "line": 80}
{"timestamp": "2025-08-14T14:18:25.562934", "level": "ERROR", "logger": "app.api.v1.task", "message": "Token validation error: 'NoneType' object has no attribute 'get'", "module": "task", "function": "websocket_task_endpoint", "line": 745}
{"timestamp": "2025-08-14T14:18:28.522912", "level": "ERROR", "logger": "app.core.auth.jwt_handler", "message": "JWT decode error: Signature has expired.", "module": "jwt_handler", "function": "decode_token", "line": 80}
{"timestamp": "2025-08-14T14:18:28.527902", "level": "ERROR", "logger": "app.api.v1.task", "message": "Token validation error: 'NoneType' object has no attribute 'get'", "module": "task", "function": "websocket_task_endpoint", "line": 745}
{"timestamp": "2025-08-14T14:18:29.558064", "level": "ERROR", "logger": "app.core.auth.jwt_handler", "message": "JWT decode error: Signature has expired.", "module": "jwt_handler", "function": "decode_token", "line": 80}
{"timestamp": "2025-08-14T14:18:29.727654", "level": "ERROR", "logger": "app.api.v1.task", "message": "Token validation error: 'NoneType' object has no attribute 'get'", "module": "task", "function": "websocket_task_endpoint", "line": 745}
{"timestamp": "2025-08-14T14:18:33.252720", "level": "ERROR", "logger": "app.core.auth.jwt_handler", "message": "JWT decode error: Signature has expired.", "module": "jwt_handler", "function": "decode_token", "line": 80}
{"timestamp": "2025-08-14T14:18:33.256731", "level": "ERROR", "logger": "app.api.v1.task", "message": "Token validation error: 'NoneType' object has no attribute 'get'", "module": "task", "function": "websocket_task_endpoint", "line": 745}
{"timestamp": "2025-08-14T14:18:33.984025", "level": "ERROR", "logger": "app.core.auth.jwt_handler", "message": "JWT decode error: Signature has expired.", "module": "jwt_handler", "function": "decode_token", "line": 80}
{"timestamp": "2025-08-14T14:18:33.987025", "level": "ERROR", "logger": "app.api.v1.task", "message": "Token validation error: 'NoneType' object has no attribute 'get'", "module": "task", "function": "websocket_task_endpoint", "line": 745}
{"timestamp": "2025-08-14T14:18:37.308694", "level": "ERROR", "logger": "app.core.auth.jwt_handler", "message": "JWT decode error: Signature has expired.", "module": "jwt_handler", "function": "decode_token", "line": 80}
{"timestamp": "2025-08-14T14:18:37.310674", "level": "ERROR", "logger": "app.api.v1.task", "message": "Token validation error: 'NoneType' object has no attribute 'get'", "module": "task", "function": "websocket_task_endpoint", "line": 745}
{"timestamp": "2025-08-14T14:18:40.369825", "level": "ERROR", "logger": "app.core.auth.jwt_handler", "message": "JWT decode error: Signature has expired.", "module": "jwt_handler", "function": "decode_token", "line": 80}
{"timestamp": "2025-08-14T14:18:40.375841", "level": "ERROR", "logger": "app.api.v1.task", "message": "Token validation error: 'NoneType' object has no attribute 'get'", "module": "task", "function": "websocket_task_endpoint", "line": 745}
{"timestamp": "2025-08-14T14:18:40.983535", "level": "ERROR", "logger": "app.core.auth.jwt_handler", "message": "JWT decode error: Signature has expired.", "module": "jwt_handler", "function": "decode_token", "line": 80}
{"timestamp": "2025-08-14T14:18:40.987526", "level": "ERROR", "logger": "app.api.v1.task", "message": "Token validation error: 'NoneType' object has no attribute 'get'", "module": "task", "function": "websocket_task_endpoint", "line": 745}
{"timestamp": "2025-08-14T14:18:45.103707", "level": "ERROR", "logger": "app.core.auth.jwt_handler", "message": "JWT decode error: Signature has expired.", "module": "jwt_handler", "function": "decode_token", "line": 80}
{"timestamp": "2025-08-14T14:18:45.105716", "level": "ERROR", "logger": "app.api.v1.task", "message": "Token validation error: 'NoneType' object has no attribute 'get'", "module": "task", "function": "websocket_task_endpoint", "line": 745}
{"timestamp": "2025-08-14T14:18:47.785730", "level": "ERROR", "logger": "app.core.auth.jwt_handler", "message": "JWT decode error: Signature has expired.", "module": "jwt_handler", "function": "decode_token", "line": 80}
{"timestamp": "2025-08-14T14:18:47.786714", "level": "ERROR", "logger": "app.api.v1.task", "message": "Token validation error: 'NoneType' object has no attribute 'get'", "module": "task", "function": "websocket_task_endpoint", "line": 745}
{"timestamp": "2025-08-14T14:18:47.961874", "level": "ERROR", "logger": "app.core.auth.jwt_handler", "message": "JWT decode error: Signature has expired.", "module": "jwt_handler", "function": "decode_token", "line": 80}
{"timestamp": "2025-08-14T14:18:47.963871", "level": "ERROR", "logger": "app.api.v1.task", "message": "Token validation error: 'NoneType' object has no attribute 'get'", "module": "task", "function": "websocket_task_endpoint", "line": 745}
{"timestamp": "2025-08-14T14:18:50.764323", "level": "ERROR", "logger": "app.core.auth.jwt_handler", "message": "JWT decode error: Signature has expired.", "module": "jwt_handler", "function": "decode_token", "line": 80}
{"timestamp": "2025-08-14T14:18:50.767263", "level": "ERROR", "logger": "app.api.v1.task", "message": "Token validation error: 'NoneType' object has no attribute 'get'", "module": "task", "function": "websocket_task_endpoint", "line": 745}
{"timestamp": "2025-08-14T14:18:53.838996", "level": "ERROR", "logger": "app.core.auth.jwt_handler", "message": "JWT decode error: Signature has expired.", "module": "jwt_handler", "function": "decode_token", "line": 80}
{"timestamp": "2025-08-14T14:18:53.841993", "level": "ERROR", "logger": "app.api.v1.task", "message": "Token validation error: 'NoneType' object has no attribute 'get'", "module": "task", "function": "websocket_task_endpoint", "line": 745}
{"timestamp": "2025-08-14T14:18:54.561307", "level": "ERROR", "logger": "app.core.auth.jwt_handler", "message": "JWT decode error: Signature has expired.", "module": "jwt_handler", "function": "decode_token", "line": 80}
{"timestamp": "2025-08-14T14:18:54.563314", "level": "ERROR", "logger": "app.api.v1.task", "message": "Token validation error: 'NoneType' object has no attribute 'get'", "module": "task", "function": "websocket_task_endpoint", "line": 745}
{"timestamp": "2025-08-14T14:18:56.043997", "level": "ERROR", "logger": "app.core.auth.jwt_handler", "message": "JWT decode error: Signature has expired.", "module": "jwt_handler", "function": "decode_token", "line": 80}
{"timestamp": "2025-08-14T14:18:56.045988", "level": "ERROR", "logger": "app.api.v1.task", "message": "Token validation error: 'NoneType' object has no attribute 'get'", "module": "task", "function": "websocket_task_endpoint", "line": 745}
{"timestamp": "2025-08-14T14:18:59.758383", "level": "ERROR", "logger": "app.core.auth.jwt_handler", "message": "JWT decode error: Signature has expired.", "module": "jwt_handler", "function": "decode_token", "line": 80}
{"timestamp": "2025-08-14T14:18:59.760285", "level": "ERROR", "logger": "app.api.v1.task", "message": "Token validation error: 'NoneType' object has no attribute 'get'", "module": "task", "function": "websocket_task_endpoint", "line": 745}
{"timestamp": "2025-08-14T14:19:01.226266", "level": "ERROR", "logger": "app.core.auth.jwt_handler", "message": "JWT decode error: Signature has expired.", "module": "jwt_handler", "function": "decode_token", "line": 80}
{"timestamp": "2025-08-14T14:19:01.229263", "level": "ERROR", "logger": "app.api.v1.task", "message": "Token validation error: 'NoneType' object has no attribute 'get'", "module": "task", "function": "websocket_task_endpoint", "line": 745}
{"timestamp": "2025-08-14T14:19:01.902293", "level": "ERROR", "logger": "app.core.auth.jwt_handler", "message": "JWT decode error: Signature has expired.", "module": "jwt_handler", "function": "decode_token", "line": 80}
{"timestamp": "2025-08-14T14:19:01.941341", "level": "ERROR", "logger": "app.api.v1.task", "message": "Token validation error: 'NoneType' object has no attribute 'get'", "module": "task", "function": "websocket_task_endpoint", "line": 745}
{"timestamp": "2025-08-14T14:19:04.312050", "level": "ERROR", "logger": "app.core.auth.jwt_handler", "message": "JWT decode error: Signature has expired.", "module": "jwt_handler", "function": "decode_token", "line": 80}
{"timestamp": "2025-08-14T14:19:04.319043", "level": "ERROR", "logger": "app.api.v1.task", "message": "Token validation error: 'NoneType' object has no attribute 'get'", "module": "task", "function": "websocket_task_endpoint", "line": 745}
{"timestamp": "2025-08-14T14:19:07.945049", "level": "ERROR", "logger": "app.core.auth.jwt_handler", "message": "JWT decode error: Signature has expired.", "module": "jwt_handler", "function": "decode_token", "line": 80}
{"timestamp": "2025-08-14T14:19:07.948055", "level": "ERROR", "logger": "app.api.v1.task", "message": "Token validation error: 'NoneType' object has no attribute 'get'", "module": "task", "function": "websocket_task_endpoint", "line": 745}
{"timestamp": "2025-08-14T14:19:08.705260", "level": "ERROR", "logger": "app.core.auth.jwt_handler", "message": "JWT decode error: Signature has expired.", "module": "jwt_handler", "function": "decode_token", "line": 80}
{"timestamp": "2025-08-14T14:19:08.707245", "level": "ERROR", "logger": "app.api.v1.task", "message": "Token validation error: 'NoneType' object has no attribute 'get'", "module": "task", "function": "websocket_task_endpoint", "line": 745}
{"timestamp": "2025-08-14T14:19:09.184467", "level": "ERROR", "logger": "app.core.auth.jwt_handler", "message": "JWT decode error: Signature has expired.", "module": "jwt_handler", "function": "decode_token", "line": 80}
{"timestamp": "2025-08-14T14:19:09.188443", "level": "ERROR", "logger": "app.api.v1.task", "message": "Token validation error: 'NoneType' object has no attribute 'get'", "module": "task", "function": "websocket_task_endpoint", "line": 745}
{"timestamp": "2025-08-14T14:19:12.623908", "level": "ERROR", "logger": "app.core.auth.jwt_handler", "message": "JWT decode error: Signature has expired.", "module": "jwt_handler", "function": "decode_token", "line": 80}
{"timestamp": "2025-08-14T14:19:12.625906", "level": "ERROR", "logger": "app.api.v1.task", "message": "Token validation error: 'NoneType' object has no attribute 'get'", "module": "task", "function": "websocket_task_endpoint", "line": 745}
{"timestamp": "2025-08-14T14:19:14.742480", "level": "ERROR", "logger": "app.core.auth.jwt_handler", "message": "JWT decode error: Signature has expired.", "module": "jwt_handler", "function": "decode_token", "line": 80}
{"timestamp": "2025-08-14T14:19:14.745915", "level": "ERROR", "logger": "app.api.v1.task", "message": "Token validation error: 'NoneType' object has no attribute 'get'", "module": "task", "function": "websocket_task_endpoint", "line": 745}
{"timestamp": "2025-08-14T14:19:16.361532", "level": "ERROR", "logger": "app.core.auth.jwt_handler", "message": "JWT decode error: Signature has expired.", "module": "jwt_handler", "function": "decode_token", "line": 80}
{"timestamp": "2025-08-14T14:19:16.364536", "level": "ERROR", "logger": "app.api.v1.task", "message": "Token validation error: 'NoneType' object has no attribute 'get'", "module": "task", "function": "websocket_task_endpoint", "line": 745}
{"timestamp": "2025-08-14T14:19:17.948138", "level": "ERROR", "logger": "app.core.auth.jwt_handler", "message": "JWT decode error: Signature has expired.", "module": "jwt_handler", "function": "decode_token", "line": 80}
{"timestamp": "2025-08-14T14:19:17.951544", "level": "ERROR", "logger": "app.api.v1.task", "message": "Token validation error: 'NoneType' object has no attribute 'get'", "module": "task", "function": "websocket_task_endpoint", "line": 745}
{"timestamp": "2025-08-14T14:19:19.337177", "level": "ERROR", "logger": "app.core.auth.jwt_handler", "message": "JWT decode error: Signature has expired.", "module": "jwt_handler", "function": "decode_token", "line": 80}
{"timestamp": "2025-08-14T14:19:19.339198", "level": "ERROR", "logger": "app.api.v1.task", "message": "Token validation error: 'NoneType' object has no attribute 'get'", "module": "task", "function": "websocket_task_endpoint", "line": 745}
{"timestamp": "2025-08-14T14:19:23.176887", "level": "ERROR", "logger": "app.core.auth.jwt_handler", "message": "JWT decode error: Signature has expired.", "module": "jwt_handler", "function": "decode_token", "line": 80}
{"timestamp": "2025-08-14T14:19:23.206905", "level": "ERROR", "logger": "app.api.v1.task", "message": "Token validation error: 'NoneType' object has no attribute 'get'", "module": "task", "function": "websocket_task_endpoint", "line": 745}
{"timestamp": "2025-08-14T14:19:25.074865", "level": "ERROR", "logger": "app.core.auth.jwt_handler", "message": "JWT decode error: Signature has expired.", "module": "jwt_handler", "function": "decode_token", "line": 80}
{"timestamp": "2025-08-14T14:19:25.075867", "level": "ERROR", "logger": "app.api.v1.task", "message": "Token validation error: 'NoneType' object has no attribute 'get'", "module": "task", "function": "websocket_task_endpoint", "line": 745}
{"timestamp": "2025-08-14T14:19:26.973684", "level": "ERROR", "logger": "app.core.auth.jwt_handler", "message": "JWT decode error: Signature has expired.", "module": "jwt_handler", "function": "decode_token", "line": 80}
{"timestamp": "2025-08-14T14:19:26.977684", "level": "ERROR", "logger": "app.api.v1.task", "message": "Token validation error: 'NoneType' object has no attribute 'get'", "module": "task", "function": "websocket_task_endpoint", "line": 745}
{"timestamp": "2025-08-14T14:19:31.257745", "level": "ERROR", "logger": "app.core.auth.jwt_handler", "message": "JWT decode error: Signature has expired.", "module": "jwt_handler", "function": "decode_token", "line": 80}
{"timestamp": "2025-08-14T14:19:31.261742", "level": "ERROR", "logger": "app.api.v1.task", "message": "Token validation error: 'NoneType' object has no attribute 'get'", "module": "task", "function": "websocket_task_endpoint", "line": 745}
{"timestamp": "2025-08-14T14:19:31.485754", "level": "ERROR", "logger": "app.core.auth.jwt_handler", "message": "JWT decode error: Signature has expired.", "module": "jwt_handler", "function": "decode_token", "line": 80}
{"timestamp": "2025-08-14T14:19:31.500747", "level": "ERROR", "logger": "app.api.v1.task", "message": "Token validation error: 'NoneType' object has no attribute 'get'", "module": "task", "function": "websocket_task_endpoint", "line": 745}
{"timestamp": "2025-08-14T14:19:31.586746", "level": "ERROR", "logger": "app.core.auth.jwt_handler", "message": "JWT decode error: Signature has expired.", "module": "jwt_handler", "function": "decode_token", "line": 80}
{"timestamp": "2025-08-14T14:19:31.639767", "level": "ERROR", "logger": "app.api.v1.task", "message": "Token validation error: 'NoneType' object has no attribute 'get'", "module": "task", "function": "websocket_task_endpoint", "line": 745}
{"timestamp": "2025-08-14T14:19:36.920682", "level": "ERROR", "logger": "app.core.auth.jwt_handler", "message": "JWT decode error: Signature has expired.", "module": "jwt_handler", "function": "decode_token", "line": 80}
{"timestamp": "2025-08-14T14:19:36.923695", "level": "ERROR", "logger": "app.api.v1.task", "message": "Token validation error: 'NoneType' object has no attribute 'get'", "module": "task", "function": "websocket_task_endpoint", "line": 745}
{"timestamp": "2025-08-14T14:19:38.549723", "level": "ERROR", "logger": "app.core.auth.jwt_handler", "message": "JWT decode error: Signature has expired.", "module": "jwt_handler", "function": "decode_token", "line": 80}
{"timestamp": "2025-08-14T14:19:38.551730", "level": "ERROR", "logger": "app.api.v1.task", "message": "Token validation error: 'NoneType' object has no attribute 'get'", "module": "task", "function": "websocket_task_endpoint", "line": 745}
{"timestamp": "2025-08-14T14:19:39.015060", "level": "ERROR", "logger": "app.core.auth.jwt_handler", "message": "JWT decode error: Signature has expired.", "module": "jwt_handler", "function": "decode_token", "line": 80}
{"timestamp": "2025-08-14T14:19:39.017064", "level": "ERROR", "logger": "app.api.v1.task", "message": "Token validation error: 'NoneType' object has no attribute 'get'", "module": "task", "function": "websocket_task_endpoint", "line": 745}
{"timestamp": "2025-08-14T14:19:43.337735", "level": "ERROR", "logger": "app.core.auth.jwt_handler", "message": "JWT decode error: Signature has expired.", "module": "jwt_handler", "function": "decode_token", "line": 80}
{"timestamp": "2025-08-14T14:19:43.339734", "level": "ERROR", "logger": "app.api.v1.task", "message": "Token validation error: 'NoneType' object has no attribute 'get'", "module": "task", "function": "websocket_task_endpoint", "line": 745}
{"timestamp": "2025-08-14T14:19:44.026058", "level": "ERROR", "logger": "app.core.auth.jwt_handler", "message": "JWT decode error: Signature has expired.", "module": "jwt_handler", "function": "decode_token", "line": 80}
{"timestamp": "2025-08-14T14:19:44.030066", "level": "ERROR", "logger": "app.api.v1.task", "message": "Token validation error: 'NoneType' object has no attribute 'get'", "module": "task", "function": "websocket_task_endpoint", "line": 745}
{"timestamp": "2025-08-14T14:19:44.616419", "level": "ERROR", "logger": "app.core.auth.jwt_handler", "message": "JWT decode error: Signature has expired.", "module": "jwt_handler", "function": "decode_token", "line": 80}
{"timestamp": "2025-08-14T14:19:44.618432", "level": "ERROR", "logger": "app.api.v1.task", "message": "Token validation error: 'NoneType' object has no attribute 'get'", "module": "task", "function": "websocket_task_endpoint", "line": 745}
{"timestamp": "2025-08-14T14:19:48.473458", "level": "ERROR", "logger": "app.core.auth.jwt_handler", "message": "JWT decode error: Signature has expired.", "module": "jwt_handler", "function": "decode_token", "line": 80}
{"timestamp": "2025-08-14T14:19:48.476484", "level": "ERROR", "logger": "app.api.v1.task", "message": "Token validation error: 'NoneType' object has no attribute 'get'", "module": "task", "function": "websocket_task_endpoint", "line": 745}
{"timestamp": "2025-08-14T14:19:49.584554", "level": "ERROR", "logger": "app.core.auth.jwt_handler", "message": "JWT decode error: Signature has expired.", "module": "jwt_handler", "function": "decode_token", "line": 80}
{"timestamp": "2025-08-14T14:19:49.603548", "level": "ERROR", "logger": "app.api.v1.task", "message": "Token validation error: 'NoneType' object has no attribute 'get'", "module": "task", "function": "websocket_task_endpoint", "line": 745}
{"timestamp": "2025-08-14T14:19:50.599293", "level": "ERROR", "logger": "app.core.auth.jwt_handler", "message": "JWT decode error: Signature has expired.", "module": "jwt_handler", "function": "decode_token", "line": 80}
{"timestamp": "2025-08-14T14:19:50.601290", "level": "ERROR", "logger": "app.api.v1.task", "message": "Token validation error: 'NoneType' object has no attribute 'get'", "module": "task", "function": "websocket_task_endpoint", "line": 745}
{"timestamp": "2025-08-14T14:19:54.039982", "level": "ERROR", "logger": "app.core.auth.jwt_handler", "message": "JWT decode error: Signature has expired.", "module": "jwt_handler", "function": "decode_token", "line": 80}
{"timestamp": "2025-08-14T14:19:54.041998", "level": "ERROR", "logger": "app.api.v1.task", "message": "Token validation error: 'NoneType' object has no attribute 'get'", "module": "task", "function": "websocket_task_endpoint", "line": 745}
{"timestamp": "2025-08-14T14:19:56.037234", "level": "ERROR", "logger": "app.core.auth.jwt_handler", "message": "JWT decode error: Signature has expired.", "module": "jwt_handler", "function": "decode_token", "line": 80}
{"timestamp": "2025-08-14T14:19:56.039090", "level": "ERROR", "logger": "app.api.v1.task", "message": "Token validation error: 'NoneType' object has no attribute 'get'", "module": "task", "function": "websocket_task_endpoint", "line": 745}
{"timestamp": "2025-08-14T14:19:56.624010", "level": "ERROR", "logger": "app.core.auth.jwt_handler", "message": "JWT decode error: Signature has expired.", "module": "jwt_handler", "function": "decode_token", "line": 80}
{"timestamp": "2025-08-14T14:19:56.667951", "level": "ERROR", "logger": "app.api.v1.task", "message": "Token validation error: 'NoneType' object has no attribute 'get'", "module": "task", "function": "websocket_task_endpoint", "line": 745}
{"timestamp": "2025-08-14T14:20:01.024809", "level": "ERROR", "logger": "app.core.auth.jwt_handler", "message": "JWT decode error: Signature has expired.", "module": "jwt_handler", "function": "decode_token", "line": 80}
{"timestamp": "2025-08-14T14:20:01.024809", "level": "ERROR", "logger": "app.api.v1.task", "message": "Token validation error: 'NoneType' object has no attribute 'get'", "module": "task", "function": "websocket_task_endpoint", "line": 745}
{"timestamp": "2025-08-14T14:20:02.571755", "level": "ERROR", "logger": "app.api.v1.task", "message": "Task resumption was canceled for task c8bf34d0-8879-4ba6-b473-1b7be366ed8f", "module": "task", "function": "resume_task_background", "line": 988}
{"timestamp": "2025-08-14T14:20:03.652071", "level": "ERROR", "logger": "app.automation.robot.robot_driver", "message": "Robot command failed with return code 3221225786", "module": "robot_driver", "function": "_run_robot_command_with_timeout", "line": 229}
{"timestamp": "2025-08-14T14:20:03.652071", "level": "ERROR", "logger": "app.automation.robot.robot_driver", "message": "STDOUT: ==============================================================================\nTmpyz5V027Y                                                                   \n==============================================================================\nExecute Sikuli Task :: Execute Sikuli automation task                 Starting Sikuli Process...\nAdding image path: C:\\Users\\UK-PC\\Desktop\\AI driven cargo-wise automation framework\\cargowise-ai-backend\\cargowise_images\nLaunching application: C:\\Program Files (x86)\\WiseTech Global\\WiseCloud Client\\WiseCloudClient.exe\nApplication launch initiated at 2025-08-14 14:19:46.726\nFStopping Sikuli Process...\n.\n                                                                              \nExecute Sikuli Task :: Execute Sikuli automation task                 | FAIL |\nSetup failed:\nExecution terminated by signal\n------------------------------------------------------------------------------\nTmpyz5V027Y                                                           | FAIL |\n1 test, 0 passed, 1 failed\n==============================================================================\nOutput:  C:\\Users\\UK-PC\\AppData\\Local\\Temp\\tmpmxj7vpa7\\output.xml\n", "module": "robot_driver", "function": "_run_robot_command_with_timeout", "line": 230}
{"timestamp": "2025-08-14T14:20:03.677327", "level": "ERROR", "logger": "app.automation.robot.robot_driver", "message": "STDERR: Second signal will force exit.\n[ ERROR ] Execution stopped by user.\n", "module": "robot_driver", "function": "_run_robot_command_with_timeout", "line": 231}
{"timestamp": "2025-08-14T14:20:34.754910", "level": "ERROR", "logger": "app.core.auth.jwt_handler", "message": "JWT decode error: Signature has expired.", "module": "jwt_handler", "function": "decode_token", "line": 80}
{"timestamp": "2025-08-14T14:20:34.757894", "level": "ERROR", "logger": "app.api.v1.task", "message": "Token validation error: 'NoneType' object has no attribute 'get'", "module": "task", "function": "websocket_task_endpoint", "line": 745}
{"timestamp": "2025-08-14T14:20:34.799452", "level": "ERROR", "logger": "app.core.auth.jwt_handler", "message": "JWT decode error: Signature has expired.", "module": "jwt_handler", "function": "decode_token", "line": 80}
{"timestamp": "2025-08-14T14:20:34.819787", "level": "ERROR", "logger": "app.api.v1.task", "message": "Token validation error: 'NoneType' object has no attribute 'get'", "module": "task", "function": "websocket_task_endpoint", "line": 745}
{"timestamp": "2025-08-14T14:22:06.837214", "level": "ERROR", "logger": "app.automation.robot.robot_driver", "message": "Robot Framework not found. Please install with: pip install robotframework", "module": "robot_driver", "function": "_verify_environment", "line": 59}
{"timestamp": "2025-08-14T14:22:06.837214", "level": "ERROR", "logger": "app.automation.robot.robot_driver", "message": "Error: ", "module": "robot_driver", "function": "_verify_environment", "line": 60}
{"timestamp": "2025-08-14T14:24:30.862387", "level": "ERROR", "logger": "app.automation.robot.robot_driver", "message": "Robot Framework not found. Please install with: pip install robotframework", "module": "robot_driver", "function": "_verify_environment", "line": 59}
{"timestamp": "2025-08-14T14:24:30.864400", "level": "ERROR", "logger": "app.automation.robot.robot_driver", "message": "Error: ", "module": "robot_driver", "function": "_verify_environment", "line": 60}
{"timestamp": "2025-08-14T14:30:57.982028", "level": "ERROR", "logger": "app.automation.robot.robot_driver", "message": "Robot command timed out after 300 seconds", "module": "robot_driver", "function": "_run_robot_command_with_timeout", "line": 215}
{"timestamp": "2025-08-14T14:30:58.287999", "level": "ERROR", "logger": "app.automation.robot.robot_driver", "message": "Robot execution failed: Command timed out after 300 seconds", "module": "robot_driver", "function": "execute_robot_script", "line": 569}
{"timestamp": "2025-08-14T14:31:04.129143", "level": "ERROR", "logger": "app.api.v1.task", "message": "Error during cleanup for resumed task ba92171f-1145-4d17-8be9-02d0fc7c3975: object NoneType can't be used in 'await' expression", "module": "task", "function": "resume_task_background", "line": 1033}
{"timestamp": "2025-08-14T14:31:04.166208", "level": "ERROR", "logger": "task", "message": "Task ba92171f-1145-4d17-8be9-02d0fc7c3975: Cleanup failed: object NoneType can't be used in 'await' expression", "module": "logging", "function": "log_to_file", "line": 226, "task_id": "ba92171f-1145-4d17-8be9-02d0fc7c3975", "source": "TASK"}
{"timestamp": "2025-08-14T16:39:23.872447", "level": "ERROR", "logger": "app.automation.robot.robot_driver", "message": "Robot Framework not found. Please install with: pip install robotframework", "module": "robot_driver", "function": "_verify_environment", "line": 59}
{"timestamp": "2025-08-14T16:39:23.875321", "level": "ERROR", "logger": "app.automation.robot.robot_driver", "message": "Error: ", "module": "robot_driver", "function": "_verify_environment", "line": 60}
{"timestamp": "2025-08-14T16:40:52.183295", "level": "ERROR", "logger": "app.api.v1.task", "message": "Task resumption was canceled for task f3432ef2-4e62-411a-9dd9-75efbd343c44", "module": "task", "function": "resume_task_background", "line": 988}
{"timestamp": "2025-08-14T16:40:59.383445", "level": "ERROR", "logger": "app.automation.robot.robot_driver", "message": "Robot command failed with return code 1", "module": "robot_driver", "function": "_run_robot_command_with_timeout", "line": 229}
{"timestamp": "2025-08-14T16:40:59.391496", "level": "ERROR", "logger": "app.automation.robot.robot_driver", "message": "STDOUT: ==============================================================================\nTmp60Nuq3Nd                                                                   \n==============================================================================\nExecute Sikuli Task :: Execute Sikuli automation task                 Starting Sikuli Process...\nAdding image path: C:\\Users\\UK-PC\\Desktop\\AI driven cargo-wise automation framework\\cargowise-ai-backend\\cargowise_images\nLaunching application: C:\\Program Files (x86)\\WiseTech Global\\WiseCloud Client\\WiseCloudClient.exe\nApplication launch initiated at 2025-08-14 16:39:43.884\nApplication should be started now\n.Task execution started at 2025-08-14 16:39:58.904\nRunning keyword with timeout: Run Sikuli Task (295s)\nExecuting Sikuli task...\nTask started at 2025-08-14 16:39:58.930\nStep 1: Click\nScreenshot saved: C:\\Users\\UK-PC\\Desktop\\AI driven cargo-wise automation framework\\cargowise-ai-backend\\screenshots\\f3432ef2-4e62-411a-9dd9-75efbd343c44/step_1_20250814_164001.png\nStep 1 completed in 2.848s\nStep 2: Input TextScreenshot saved: C:\\Users\\UK-PC\\Desktop\\AI driven cargo-wise automation framework\\cargowise-ai-backend\\screenshots\\f3432ef2-4e62-411a-9dd9-75efbd343c44/step_2_20250814_164006.png\nStep 2 completed in 4.004s\nStep 3: Click\nScreenshot saved: C:\\Users\\UK-PC\\Desktop\\AI driven cargo-wise automation framework\\cargowise-ai-backend\\screenshots\\f3432ef2-4e62-411a-9dd9-75efbd343c44/step_3_20250814_164010.png\nStep 3 completed in 2.605s\nStep 4: Double Click\nExecuting Sikuli task...\nTask started at 2025-08-14 16:40:24.991\nStep 1: Click\nExecuting Sikuli task...\nTask started at 2025-08-14 16:40:29.376\nStep 1: Click\nScreenshot saved: C:\\Users\\UK-PC\\Desktop\\AI driven cargo-wise automation framework\\cargowise-ai-backend\\screenshots\\f3432ef2-4e62-411a-9dd9-75efbd343c44/step_1_20250814_164031.png\nStep 1 completed in 2.084s\nStep 2: Input TextScreenshot saved: C:\\Users\\UK-PC\\Desktop\\AI driven cargo-wise automation framework\\cargowise-ai-backend\\screenshots\\f3432ef2-4e62-411a-9dd9-75efbd343c44/step_2_20250814_164036.png\nStep 2 completed in 3.767s\nStep 3: Click\nScreenshot saved: C:\\Users\\UK-PC\\Desktop\\AI driven cargo-wise automation framework\\cargowise-ai-backend\\screenshots\\f3432ef2-4e62-411a-9dd9-75efbd343c44/step_3_20250814_164038.png\nStep 3 completed in 1.545s\nStep 4: Double Click\nFStopping Sikuli Process...\n.\n                                                                              \nExecute Sikuli Task :: Execute Sikuli automation task                 | FAIL |\nExecution terminated by signal\n------------------------------------------------------------------------------\nTmp60Nuq3Nd                                                           | FAIL |\n1 test, 0 passed, 1 failed\n==============================================================================\nOutput:  C:\\Users\\UK-PC\\AppData\\Local\\Temp\\tmpgnnk6r4x\\output.xml\nLog:     C:\\Users\\UK-PC\\AppData\\Local\\Temp\\tmpgnnk6r4x\\log.html\n", "module": "robot_driver", "function": "_run_robot_command_with_timeout", "line": 230}
{"timestamp": "2025-08-14T16:40:59.418443", "level": "ERROR", "logger": "app.automation.robot.robot_driver", "message": "STDERR: Second signal will force exit.\n", "module": "robot_driver", "function": "_run_robot_command_with_timeout", "line": 231}
{"timestamp": "2025-08-14T16:42:54.479094", "level": "ERROR", "logger": "app.automation.robot.robot_driver", "message": "Robot Framework not found. Please install with: pip install robotframework", "module": "robot_driver", "function": "_verify_environment", "line": 59}
{"timestamp": "2025-08-14T16:42:54.482095", "level": "ERROR", "logger": "app.automation.robot.robot_driver", "message": "Error: ", "module": "robot_driver", "function": "_verify_environment", "line": 60}
{"timestamp": "2025-08-14T16:45:20.614498", "level": "ERROR", "logger": "app.automation.robot.robot_driver", "message": "Robot Framework not found. Please install with: pip install robotframework", "module": "robot_driver", "function": "_verify_environment", "line": 59}
{"timestamp": "2025-08-14T16:45:20.617519", "level": "ERROR", "logger": "app.automation.robot.robot_driver", "message": "Error: ", "module": "robot_driver", "function": "_verify_environment", "line": 60}
{"timestamp": "2025-08-14T16:48:25.235858", "level": "ERROR", "logger": "app.api.v1.task", "message": "Task resumption was canceled for task 275fc263-c397-46f5-a829-bf9dc8f4406b", "module": "task", "function": "resume_task_background", "line": 988}
{"timestamp": "2025-08-14T16:48:34.135372", "level": "ERROR", "logger": "app.api.v1.task", "message": "Error during cleanup for resumed task 275fc263-c397-46f5-a829-bf9dc8f4406b: object NoneType can't be used in 'await' expression", "module": "task", "function": "resume_task_background", "line": 1033}
{"timestamp": "2025-08-14T16:48:34.157370", "level": "ERROR", "logger": "task", "message": "Task 275fc263-c397-46f5-a829-bf9dc8f4406b: Cleanup failed: object NoneType can't be used in 'await' expression", "module": "logging", "function": "log_to_file", "line": 226, "task_id": "275fc263-c397-46f5-a829-bf9dc8f4406b", "source": "TASK"}
{"timestamp": "2025-08-14T16:51:36.444482", "level": "ERROR", "logger": "app.automation.robot.robot_driver", "message": "Robot command timed out after 300 seconds", "module": "robot_driver", "function": "_run_robot_command_with_timeout", "line": 215}
{"timestamp": "2025-08-14T16:54:05.873323", "level": "ERROR", "logger": "app.automation.robot.robot_driver", "message": "Robot Framework not found. Please install with: pip install robotframework", "module": "robot_driver", "function": "_verify_environment", "line": 59}
{"timestamp": "2025-08-14T16:54:05.877331", "level": "ERROR", "logger": "app.automation.robot.robot_driver", "message": "Error: ", "module": "robot_driver", "function": "_verify_environment", "line": 60}
{"timestamp": "2025-08-14T16:56:20.618071", "level": "ERROR", "logger": "app.automation.robot.robot_driver", "message": "Robot Framework not found. Please install with: pip install robotframework", "module": "robot_driver", "function": "_verify_environment", "line": 59}
{"timestamp": "2025-08-14T16:56:20.620064", "level": "ERROR", "logger": "app.automation.robot.robot_driver", "message": "Error: ", "module": "robot_driver", "function": "_verify_environment", "line": 60}
{"timestamp": "2025-08-14T17:00:13.974346", "level": "ERROR", "logger": "app.api.v1.task", "message": "Task resumption was canceled for task 7fbda523-5730-489d-b44b-ffc338e734f7", "module": "task", "function": "resume_task_background", "line": 988}
{"timestamp": "2025-08-14T17:00:20.532832", "level": "ERROR", "logger": "app.api.v1.task", "message": "Error during cleanup for resumed task 7fbda523-5730-489d-b44b-ffc338e734f7: object NoneType can't be used in 'await' expression", "module": "task", "function": "resume_task_background", "line": 1033}
{"timestamp": "2025-08-14T17:00:21.612594", "level": "ERROR", "logger": "task", "message": "Task 7fbda523-5730-489d-b44b-ffc338e734f7: Cleanup failed: object NoneType can't be used in 'await' expression", "module": "logging", "function": "log_to_file", "line": 226, "task_id": "7fbda523-5730-489d-b44b-ffc338e734f7", "source": "TASK"}
{"timestamp": "2025-08-14T17:00:21.968174", "level": "ERROR", "logger": "app.utils.logging", "message": "Error logging to database: Cannot use MongoClient after close", "module": "logging", "function": "log_to_db", "line": 168}
{"timestamp": "2025-08-14T17:00:22.375184", "level": "ERROR", "logger": "app.utils.logging", "message": "Traceback (most recent call last):\n  File \"C:\\Users\\UK-PC\\Desktop\\AI driven cargo-wise automation framework\\cargowise-ai-backend\\app\\utils\\logging.py\", line 166, in log_to_db\n    return await _log_repository.create_log(log_entry)\n           ^^^^^^^^^^^^^^^^^^^^^^^^^^^^^^^^^^^^^^^^^^^\n  File \"C:\\Users\\UK-PC\\Desktop\\AI driven cargo-wise automation framework\\cargowise-ai-backend\\app\\db\\repositories\\log_repository.py\", line 37, in create_log\n    return await self.create(log_entry)\n           ^^^^^^^^^^^^^^^^^^^^^^^^^^^^\n  File \"C:\\Users\\UK-PC\\Desktop\\AI driven cargo-wise automation framework\\cargowise-ai-backend\\app\\db\\repositories\\base_respository.py\", line 21, in create\n    await self.collection.insert_one(model_dict)\n  File \"C:\\Python311\\Lib\\concurrent\\futures\\thread.py\", line 58, in run\n    result = self.fn(*self.args, **self.kwargs)\n             ^^^^^^^^^^^^^^^^^^^^^^^^^^^^^^^^^^\n  File \"C:\\Users\\UK-PC\\Desktop\\AI driven cargo-wise automation framework\\venv\\Lib\\site-packages\\pymongo\\synchronous\\collection.py\", line 891, in insert_one\n    self._insert_one(\n  File \"C:\\Users\\UK-PC\\Desktop\\AI driven cargo-wise automation framework\\venv\\Lib\\site-packages\\pymongo\\synchronous\\collection.py\", line 831, in _insert_one\n    self._database.client._retryable_write(\n  File \"C:\\Users\\UK-PC\\Desktop\\AI driven cargo-wise automation framework\\venv\\Lib\\site-packages\\pymongo\\synchronous\\mongo_client.py\", line 2061, in _retryable_write\n    return self._retry_with_session(retryable, func, s, bulk, operation, operation_id)\n           ^^^^^^^^^^^^^^^^^^^^^^^^^^^^^^^^^^^^^^^^^^^^^^^^^^^^^^^^^^^^^^^^^^^^^^^^^^^\n  File \"C:\\Users\\UK-PC\\Desktop\\AI driven cargo-wise automation framework\\venv\\Lib\\site-packages\\pymongo\\synchronous\\mongo_client.py\", line 1947, in _retry_with_session\n    return self._retry_internal(\n           ^^^^^^^^^^^^^^^^^^^^^\n  File \"C:\\Users\\UK-PC\\Desktop\\AI driven cargo-wise automation framework\\venv\\Lib\\site-packages\\pymongo\\_csot.py\", line 119, in csot_wrapper\n    return func(self, *args, **kwargs)\n           ^^^^^^^^^^^^^^^^^^^^^^^^^^^\n  File \"C:\\Users\\UK-PC\\Desktop\\AI driven cargo-wise automation framework\\venv\\Lib\\site-packages\\pymongo\\synchronous\\mongo_client.py\", line 1993, in _retry_internal\n    ).run()\n      ^^^^^\n  File \"C:\\Users\\UK-PC\\Desktop\\AI driven cargo-wise automation framework\\venv\\Lib\\site-packages\\pymongo\\synchronous\\mongo_client.py\", line 2730, in run\n    return self._read() if self._is_read else self._write()\n                                              ^^^^^^^^^^^^^\n  File \"C:\\Users\\UK-PC\\Desktop\\AI driven cargo-wise automation framework\\venv\\Lib\\site-packages\\pymongo\\synchronous\\mongo_client.py\", line 2840, in _write\n    self._server = self._get_server()\n                   ^^^^^^^^^^^^^^^^^^\n  File \"C:\\Users\\UK-PC\\Desktop\\AI driven cargo-wise automation framework\\venv\\Lib\\site-packages\\pymongo\\synchronous\\mongo_client.py\", line 2823, in _get_server\n    return self._client._select_server(\n           ^^^^^^^^^^^^^^^^^^^^^^^^^^^^\n  File \"C:\\Users\\UK-PC\\Desktop\\AI driven cargo-wise automation framework\\venv\\Lib\\site-packages\\pymongo\\synchronous\\mongo_client.py\", line 1812, in _select_server\n    server = topology.select_server(\n             ^^^^^^^^^^^^^^^^^^^^^^^\n  File \"C:\\Users\\UK-PC\\Desktop\\AI driven cargo-wise automation framework\\venv\\Lib\\site-packages\\pymongo\\synchronous\\topology.py\", line 409, in select_server\n    server = self._select_server(\n             ^^^^^^^^^^^^^^^^^^^^\n  File \"C:\\Users\\UK-PC\\Desktop\\AI driven cargo-wise automation framework\\venv\\Lib\\site-packages\\pymongo\\synchronous\\topology.py\", line 387, in _select_server\n    servers = self.select_servers(\n              ^^^^^^^^^^^^^^^^^^^^\n  File \"C:\\Users\\UK-PC\\Desktop\\AI driven cargo-wise automation framework\\venv\\Lib\\site-packages\\pymongo\\synchronous\\topology.py\", line 294, in select_servers\n    server_descriptions = self._select_servers_loop(\n                          ^^^^^^^^^^^^^^^^^^^^^^^^^^\n  File \"C:\\Users\\UK-PC\\Desktop\\AI driven cargo-wise automation framework\\venv\\Lib\\site-packages\\pymongo\\synchronous\\topology.py\", line 361, in _select_servers_loop\n    self._ensure_opened()\n  File \"C:\\Users\\UK-PC\\Desktop\\AI driven cargo-wise automation framework\\venv\\Lib\\site-packages\\pymongo\\synchronous\\topology.py\", line 789, in _ensure_opened\n    raise InvalidOperation(\"Cannot use MongoClient after close\")\npymongo.errors.InvalidOperation: Cannot use MongoClient after close\n", "module": "logging", "function": "log_to_db", "line": 171}
{"timestamp": "2025-08-14T17:00:22.569177", "level": "ERROR", "logger": "app.utils.logging", "message": "Error logging to database: Cannot use MongoClient after close", "module": "logging", "function": "log_to_db", "line": 168}
{"timestamp": "2025-08-14T17:00:22.634465", "level": "ERROR", "logger": "app.utils.logging", "message": "Traceback (most recent call last):\n  File \"C:\\Users\\UK-PC\\Desktop\\AI driven cargo-wise automation framework\\cargowise-ai-backend\\app\\utils\\logging.py\", line 166, in log_to_db\n    return await _log_repository.create_log(log_entry)\n           ^^^^^^^^^^^^^^^^^^^^^^^^^^^^^^^^^^^^^^^^^^^\n  File \"C:\\Users\\UK-PC\\Desktop\\AI driven cargo-wise automation framework\\cargowise-ai-backend\\app\\db\\repositories\\log_repository.py\", line 37, in create_log\n    return await self.create(log_entry)\n           ^^^^^^^^^^^^^^^^^^^^^^^^^^^^\n  File \"C:\\Users\\UK-PC\\Desktop\\AI driven cargo-wise automation framework\\cargowise-ai-backend\\app\\db\\repositories\\base_respository.py\", line 21, in create\n    await self.collection.insert_one(model_dict)\n  File \"C:\\Python311\\Lib\\concurrent\\futures\\thread.py\", line 58, in run\n    result = self.fn(*self.args, **self.kwargs)\n             ^^^^^^^^^^^^^^^^^^^^^^^^^^^^^^^^^^\n  File \"C:\\Users\\UK-PC\\Desktop\\AI driven cargo-wise automation framework\\venv\\Lib\\site-packages\\pymongo\\synchronous\\collection.py\", line 891, in insert_one\n    self._insert_one(\n  File \"C:\\Users\\UK-PC\\Desktop\\AI driven cargo-wise automation framework\\venv\\Lib\\site-packages\\pymongo\\synchronous\\collection.py\", line 831, in _insert_one\n    self._database.client._retryable_write(\n  File \"C:\\Users\\UK-PC\\Desktop\\AI driven cargo-wise automation framework\\venv\\Lib\\site-packages\\pymongo\\synchronous\\mongo_client.py\", line 2061, in _retryable_write\n    return self._retry_with_session(retryable, func, s, bulk, operation, operation_id)\n           ^^^^^^^^^^^^^^^^^^^^^^^^^^^^^^^^^^^^^^^^^^^^^^^^^^^^^^^^^^^^^^^^^^^^^^^^^^^\n  File \"C:\\Users\\UK-PC\\Desktop\\AI driven cargo-wise automation framework\\venv\\Lib\\site-packages\\pymongo\\synchronous\\mongo_client.py\", line 1947, in _retry_with_session\n    return self._retry_internal(\n           ^^^^^^^^^^^^^^^^^^^^^\n  File \"C:\\Users\\UK-PC\\Desktop\\AI driven cargo-wise automation framework\\venv\\Lib\\site-packages\\pymongo\\_csot.py\", line 119, in csot_wrapper\n    return func(self, *args, **kwargs)\n           ^^^^^^^^^^^^^^^^^^^^^^^^^^^\n  File \"C:\\Users\\UK-PC\\Desktop\\AI driven cargo-wise automation framework\\venv\\Lib\\site-packages\\pymongo\\synchronous\\mongo_client.py\", line 1993, in _retry_internal\n    ).run()\n      ^^^^^\n  File \"C:\\Users\\UK-PC\\Desktop\\AI driven cargo-wise automation framework\\venv\\Lib\\site-packages\\pymongo\\synchronous\\mongo_client.py\", line 2730, in run\n    return self._read() if self._is_read else self._write()\n                                              ^^^^^^^^^^^^^\n  File \"C:\\Users\\UK-PC\\Desktop\\AI driven cargo-wise automation framework\\venv\\Lib\\site-packages\\pymongo\\synchronous\\mongo_client.py\", line 2840, in _write\n    self._server = self._get_server()\n                   ^^^^^^^^^^^^^^^^^^\n  File \"C:\\Users\\UK-PC\\Desktop\\AI driven cargo-wise automation framework\\venv\\Lib\\site-packages\\pymongo\\synchronous\\mongo_client.py\", line 2823, in _get_server\n    return self._client._select_server(\n           ^^^^^^^^^^^^^^^^^^^^^^^^^^^^\n  File \"C:\\Users\\UK-PC\\Desktop\\AI driven cargo-wise automation framework\\venv\\Lib\\site-packages\\pymongo\\synchronous\\mongo_client.py\", line 1812, in _select_server\n    server = topology.select_server(\n             ^^^^^^^^^^^^^^^^^^^^^^^\n  File \"C:\\Users\\UK-PC\\Desktop\\AI driven cargo-wise automation framework\\venv\\Lib\\site-packages\\pymongo\\synchronous\\topology.py\", line 409, in select_server\n    server = self._select_server(\n             ^^^^^^^^^^^^^^^^^^^^\n  File \"C:\\Users\\UK-PC\\Desktop\\AI driven cargo-wise automation framework\\venv\\Lib\\site-packages\\pymongo\\synchronous\\topology.py\", line 387, in _select_server\n    servers = self.select_servers(\n              ^^^^^^^^^^^^^^^^^^^^\n  File \"C:\\Users\\UK-PC\\Desktop\\AI driven cargo-wise automation framework\\venv\\Lib\\site-packages\\pymongo\\synchronous\\topology.py\", line 294, in select_servers\n    server_descriptions = self._select_servers_loop(\n                          ^^^^^^^^^^^^^^^^^^^^^^^^^^\n  File \"C:\\Users\\UK-PC\\Desktop\\AI driven cargo-wise automation framework\\venv\\Lib\\site-packages\\pymongo\\synchronous\\topology.py\", line 361, in _select_servers_loop\n    self._ensure_opened()\n  File \"C:\\Users\\UK-PC\\Desktop\\AI driven cargo-wise automation framework\\venv\\Lib\\site-packages\\pymongo\\synchronous\\topology.py\", line 789, in _ensure_opened\n    raise InvalidOperation(\"Cannot use MongoClient after close\")\npymongo.errors.InvalidOperation: Cannot use MongoClient after close\n", "module": "logging", "function": "log_to_db", "line": 171}
{"timestamp": "2025-08-14T17:02:43.783702", "level": "ERROR", "logger": "app.automation.robot.robot_driver", "message": "Robot command timed out after 300 seconds", "module": "robot_driver", "function": "_run_robot_command_with_timeout", "line": 215}
{"timestamp": "2025-08-14T17:04:25.541083", "level": "ERROR", "logger": "app.automation.robot.robot_driver", "message": "Robot Framework not found. Please install with: pip install robotframework", "module": "robot_driver", "function": "_verify_environment", "line": 59}
{"timestamp": "2025-08-14T17:04:25.552083", "level": "ERROR", "logger": "app.automation.robot.robot_driver", "message": "Error: ", "module": "robot_driver", "function": "_verify_environment", "line": 60}
{"timestamp": "2025-08-14T17:07:05.178324", "level": "ERROR", "logger": "app.automation.robot.robot_driver", "message": "Robot Framework not found. Please install with: pip install robotframework", "module": "robot_driver", "function": "_verify_environment", "line": 59}
{"timestamp": "2025-08-14T17:07:05.180334", "level": "ERROR", "logger": "app.automation.robot.robot_driver", "message": "Error: ", "module": "robot_driver", "function": "_verify_environment", "line": 60}
{"timestamp": "2025-08-14T17:11:23.668655", "level": "ERROR", "logger": "app.api.v1.task", "message": "Task resumption was canceled for task 8eed1a9e-def6-4899-8087-ec43e112b131", "module": "task", "function": "resume_task_background", "line": 988}
{"timestamp": "2025-08-14T17:13:28.695148", "level": "ERROR", "logger": "app.automation.robot.robot_driver", "message": "Robot command timed out after 300 seconds", "module": "robot_driver", "function": "_run_robot_command_with_timeout", "line": 215}
{"timestamp": "2025-08-14T17:14:57.232085", "level": "ERROR", "logger": "app.api.v1.task", "message": "Error during cleanup for resumed task d13e6569-35ef-491a-881d-5829dcb5e354: object NoneType can't be used in 'await' expression", "module": "task", "function": "resume_task_background", "line": 1033}
{"timestamp": "2025-08-14T17:14:57.247112", "level": "ERROR", "logger": "task", "message": "Task d13e6569-35ef-491a-881d-5829dcb5e354: Cleanup failed: object NoneType can't be used in 'await' expression", "module": "logging", "function": "log_to_file", "line": 226, "task_id": "d13e6569-35ef-491a-881d-5829dcb5e354", "source": "TASK"}
{"timestamp": "2025-08-14T17:16:29.684103", "level": "ERROR", "logger": "app.automation.robot.robot_driver", "message": "Robot Framework not found. Please install with: pip install robotframework", "module": "robot_driver", "function": "_verify_environment", "line": 59}
{"timestamp": "2025-08-14T17:16:29.686093", "level": "ERROR", "logger": "app.automation.robot.robot_driver", "message": "Error: ", "module": "robot_driver", "function": "_verify_environment", "line": 60}
{"timestamp": "2025-08-14T17:18:49.588885", "level": "ERROR", "logger": "app.automation.robot.robot_driver", "message": "Robot Framework not found. Please install with: pip install robotframework", "module": "robot_driver", "function": "_verify_environment", "line": 59}
{"timestamp": "2025-08-14T17:18:49.604865", "level": "ERROR", "logger": "app.automation.robot.robot_driver", "message": "Error: ", "module": "robot_driver", "function": "_verify_environment", "line": 60}
{"timestamp": "2025-08-14T17:25:04.160842", "level": "ERROR", "logger": "app.automation.robot.robot_driver", "message": "Robot command timed out after 300 seconds", "module": "robot_driver", "function": "_run_robot_command_with_timeout", "line": 215}
{"timestamp": "2025-08-14T17:25:04.946672", "level": "ERROR", "logger": "app.automation.robot.robot_driver", "message": "Robot execution failed: Command timed out after 300 seconds", "module": "robot_driver", "function": "execute_robot_script", "line": 569}
{"timestamp": "2025-08-14T17:25:10.396696", "level": "ERROR", "logger": "app.api.v1.task", "message": "Error during cleanup for resumed task 2fe05fc1-ec1c-43b8-8d74-5457c2da58c4: object NoneType can't be used in 'await' expression", "module": "task", "function": "resume_task_background", "line": 1033}
{"timestamp": "2025-08-14T17:25:10.413692", "level": "ERROR", "logger": "task", "message": "Task 2fe05fc1-ec1c-43b8-8d74-5457c2da58c4: Cleanup failed: object NoneType can't be used in 'await' expression", "module": "logging", "function": "log_to_file", "line": 226, "task_id": "2fe05fc1-ec1c-43b8-8d74-5457c2da58c4", "source": "TASK"}
{"timestamp": "2025-08-14T17:26:44.455221", "level": "ERROR", "logger": "app.automation.robot.robot_driver", "message": "Robot Framework not found. Please install with: pip install robotframework", "module": "robot_driver", "function": "_verify_environment", "line": 59}
{"timestamp": "2025-08-14T17:26:44.458220", "level": "ERROR", "logger": "app.automation.robot.robot_driver", "message": "Error: ", "module": "robot_driver", "function": "_verify_environment", "line": 60}
{"timestamp": "2025-08-14T17:29:02.054657", "level": "ERROR", "logger": "app.automation.robot.robot_driver", "message": "Robot Framework not found. Please install with: pip install robotframework", "module": "robot_driver", "function": "_verify_environment", "line": 59}
{"timestamp": "2025-08-14T17:29:02.059654", "level": "ERROR", "logger": "app.automation.robot.robot_driver", "message": "Error: ", "module": "robot_driver", "function": "_verify_environment", "line": 60}
{"timestamp": "2025-08-15T11:38:44.346622", "level": "ERROR", "logger": "app.utils.logging", "message": "Error logging to database: All nameservers failed to answer the query _mongodb._tcp.cluster0.pzstbpn.mongodb.net. IN SRV: Server Do53:10.213.37.41@53 answered [WinError 10065] A socket operation was attempted to an unreachable host", "module": "logging", "function": "log_to_db", "line": 168}
{"timestamp": "2025-08-15T11:38:44.497635", "level": "ERROR", "logger": "app.utils.logging", "message": "Traceback (most recent call last):\n  File \"C:\\Users\\UK-PC\\Desktop\\AI driven cargo-wise automation framework\\cargowise-ai-backend\\app\\utils\\logging.py\", line 166, in log_to_db\n    return await _log_repository.create_log(log_entry)\n           ^^^^^^^^^^^^^^^^^^^^^^^^^^^^^^^^^^^^^^^^^^^\n  File \"C:\\Users\\UK-PC\\Desktop\\AI driven cargo-wise automation framework\\cargowise-ai-backend\\app\\db\\repositories\\log_repository.py\", line 37, in create_log\n    return await self.create(log_entry)\n           ^^^^^^^^^^^^^^^^^^^^^^^^^^^^\n  File \"C:\\Users\\UK-PC\\Desktop\\AI driven cargo-wise automation framework\\cargowise-ai-backend\\app\\db\\repositories\\base_respository.py\", line 21, in create\n    await self.collection.insert_one(model_dict)\n  File \"C:\\Python311\\Lib\\concurrent\\futures\\thread.py\", line 58, in run\n    result = self.fn(*self.args, **self.kwargs)\n             ^^^^^^^^^^^^^^^^^^^^^^^^^^^^^^^^^^\n  File \"C:\\Users\\UK-PC\\Desktop\\AI driven cargo-wise automation framework\\venv\\Lib\\site-packages\\pymongo\\synchronous\\collection.py\", line 891, in insert_one\n    self._insert_one(\n  File \"C:\\Users\\UK-PC\\Desktop\\AI driven cargo-wise automation framework\\venv\\Lib\\site-packages\\pymongo\\synchronous\\collection.py\", line 831, in _insert_one\n    self._database.client._retryable_write(\n  File \"C:\\Users\\UK-PC\\Desktop\\AI driven cargo-wise automation framework\\venv\\Lib\\site-packages\\pymongo\\synchronous\\mongo_client.py\", line 2061, in _retryable_write\n    return self._retry_with_session(retryable, func, s, bulk, operation, operation_id)\n           ^^^^^^^^^^^^^^^^^^^^^^^^^^^^^^^^^^^^^^^^^^^^^^^^^^^^^^^^^^^^^^^^^^^^^^^^^^^\n  File \"C:\\Users\\UK-PC\\Desktop\\AI driven cargo-wise automation framework\\venv\\Lib\\site-packages\\pymongo\\synchronous\\mongo_client.py\", line 1947, in _retry_with_session\n    return self._retry_internal(\n           ^^^^^^^^^^^^^^^^^^^^^\n  File \"C:\\Users\\UK-PC\\Desktop\\AI driven cargo-wise automation framework\\venv\\Lib\\site-packages\\pymongo\\_csot.py\", line 119, in csot_wrapper\n    return func(self, *args, **kwargs)\n           ^^^^^^^^^^^^^^^^^^^^^^^^^^^\n  File \"C:\\Users\\UK-PC\\Desktop\\AI driven cargo-wise automation framework\\venv\\Lib\\site-packages\\pymongo\\synchronous\\mongo_client.py\", line 1993, in _retry_internal\n    ).run()\n      ^^^^^\n  File \"C:\\Users\\UK-PC\\Desktop\\AI driven cargo-wise automation framework\\venv\\Lib\\site-packages\\pymongo\\synchronous\\mongo_client.py\", line 2730, in run\n    return self._read() if self._is_read else self._write()\n                                              ^^^^^^^^^^^^^\n  File \"C:\\Users\\UK-PC\\Desktop\\AI driven cargo-wise automation framework\\venv\\Lib\\site-packages\\pymongo\\synchronous\\mongo_client.py\", line 2840, in _write\n    self._server = self._get_server()\n                   ^^^^^^^^^^^^^^^^^^\n  File \"C:\\Users\\UK-PC\\Desktop\\AI driven cargo-wise automation framework\\venv\\Lib\\site-packages\\pymongo\\synchronous\\mongo_client.py\", line 2823, in _get_server\n    return self._client._select_server(\n           ^^^^^^^^^^^^^^^^^^^^^^^^^^^^\n  File \"C:\\Users\\UK-PC\\Desktop\\AI driven cargo-wise automation framework\\venv\\Lib\\site-packages\\pymongo\\synchronous\\mongo_client.py\", line 1799, in _select_server\n    topology = self._get_topology()\n               ^^^^^^^^^^^^^^^^^^^^\n  File \"C:\\Users\\UK-PC\\Desktop\\AI driven cargo-wise automation framework\\venv\\Lib\\site-packages\\pymongo\\synchronous\\mongo_client.py\", line 1737, in _get_topology\n    self._resolve_srv()\n  File \"C:\\Users\\UK-PC\\Desktop\\AI driven cargo-wise automation framework\\venv\\Lib\\site-packages\\pymongo\\synchronous\\mongo_client.py\", line 903, in _resolve_srv\n    res = uri_parser._parse_srv(\n          ^^^^^^^^^^^^^^^^^^^^^^\n  File \"C:\\Users\\UK-PC\\Desktop\\AI driven cargo-wise automation framework\\venv\\Lib\\site-packages\\pymongo\\synchronous\\uri_parser.py\", line 163, in _parse_srv\n    nodes = dns_resolver.get_hosts()\n            ^^^^^^^^^^^^^^^^^^^^^^^^\n  File \"C:\\Users\\UK-PC\\Desktop\\AI driven cargo-wise automation framework\\venv\\Lib\\site-packages\\pymongo\\synchronous\\srv_resolver.py\", line 157, in get_hosts\n    _, nodes = self._get_srv_response_and_hosts(True)\n               ^^^^^^^^^^^^^^^^^^^^^^^^^^^^^^^^^^^^^^\n  File \"C:\\Users\\UK-PC\\Desktop\\AI driven cargo-wise automation framework\\venv\\Lib\\site-packages\\pymongo\\synchronous\\srv_resolver.py\", line 131, in _get_srv_response_and_hosts\n    results = self._resolve_uri(encapsulate_errors)\n              ^^^^^^^^^^^^^^^^^^^^^^^^^^^^^^^^^^^^^\n  File \"C:\\Users\\UK-PC\\Desktop\\AI driven cargo-wise automation framework\\venv\\Lib\\site-packages\\pymongo\\synchronous\\srv_resolver.py\", line 125, in _resolve_uri\n    raise ConfigurationError(str(exc)) from None\npymongo.errors.ConfigurationError: All nameservers failed to answer the query _mongodb._tcp.cluster0.pzstbpn.mongodb.net. IN SRV: Server Do53:10.213.37.41@53 answered [WinError 10065] A socket operation was attempted to an unreachable host\n", "module": "logging", "function": "log_to_db", "line": 171}
{"timestamp": "2025-08-15T11:38:44.627446", "level": "ERROR", "logger": "app.utils.logging", "message": "Error logging to database: All nameservers failed to answer the query _mongodb._tcp.cluster0.pzstbpn.mongodb.net. IN SRV: Server Do53:10.213.37.41@53 answered [WinError 10065] A socket operation was attempted to an unreachable host", "module": "logging", "function": "log_to_db", "line": 168}
{"timestamp": "2025-08-15T11:38:44.648478", "level": "ERROR", "logger": "app.utils.logging", "message": "Traceback (most recent call last):\n  File \"C:\\Users\\UK-PC\\Desktop\\AI driven cargo-wise automation framework\\cargowise-ai-backend\\app\\utils\\logging.py\", line 166, in log_to_db\n    return await _log_repository.create_log(log_entry)\n           ^^^^^^^^^^^^^^^^^^^^^^^^^^^^^^^^^^^^^^^^^^^\n  File \"C:\\Users\\UK-PC\\Desktop\\AI driven cargo-wise automation framework\\cargowise-ai-backend\\app\\db\\repositories\\log_repository.py\", line 37, in create_log\n    return await self.create(log_entry)\n           ^^^^^^^^^^^^^^^^^^^^^^^^^^^^\n  File \"C:\\Users\\UK-PC\\Desktop\\AI driven cargo-wise automation framework\\cargowise-ai-backend\\app\\db\\repositories\\base_respository.py\", line 21, in create\n    await self.collection.insert_one(model_dict)\n  File \"C:\\Python311\\Lib\\concurrent\\futures\\thread.py\", line 58, in run\n    result = self.fn(*self.args, **self.kwargs)\n             ^^^^^^^^^^^^^^^^^^^^^^^^^^^^^^^^^^\n  File \"C:\\Users\\UK-PC\\Desktop\\AI driven cargo-wise automation framework\\venv\\Lib\\site-packages\\pymongo\\synchronous\\collection.py\", line 891, in insert_one\n    self._insert_one(\n  File \"C:\\Users\\UK-PC\\Desktop\\AI driven cargo-wise automation framework\\venv\\Lib\\site-packages\\pymongo\\synchronous\\collection.py\", line 831, in _insert_one\n    self._database.client._retryable_write(\n  File \"C:\\Users\\UK-PC\\Desktop\\AI driven cargo-wise automation framework\\venv\\Lib\\site-packages\\pymongo\\synchronous\\mongo_client.py\", line 2061, in _retryable_write\n    return self._retry_with_session(retryable, func, s, bulk, operation, operation_id)\n           ^^^^^^^^^^^^^^^^^^^^^^^^^^^^^^^^^^^^^^^^^^^^^^^^^^^^^^^^^^^^^^^^^^^^^^^^^^^\n  File \"C:\\Users\\UK-PC\\Desktop\\AI driven cargo-wise automation framework\\venv\\Lib\\site-packages\\pymongo\\synchronous\\mongo_client.py\", line 1947, in _retry_with_session\n    return self._retry_internal(\n           ^^^^^^^^^^^^^^^^^^^^^\n  File \"C:\\Users\\UK-PC\\Desktop\\AI driven cargo-wise automation framework\\venv\\Lib\\site-packages\\pymongo\\_csot.py\", line 119, in csot_wrapper\n    return func(self, *args, **kwargs)\n           ^^^^^^^^^^^^^^^^^^^^^^^^^^^\n  File \"C:\\Users\\UK-PC\\Desktop\\AI driven cargo-wise automation framework\\venv\\Lib\\site-packages\\pymongo\\synchronous\\mongo_client.py\", line 1993, in _retry_internal\n    ).run()\n      ^^^^^\n  File \"C:\\Users\\UK-PC\\Desktop\\AI driven cargo-wise automation framework\\venv\\Lib\\site-packages\\pymongo\\synchronous\\mongo_client.py\", line 2730, in run\n    return self._read() if self._is_read else self._write()\n                                              ^^^^^^^^^^^^^\n  File \"C:\\Users\\UK-PC\\Desktop\\AI driven cargo-wise automation framework\\venv\\Lib\\site-packages\\pymongo\\synchronous\\mongo_client.py\", line 2840, in _write\n    self._server = self._get_server()\n                   ^^^^^^^^^^^^^^^^^^\n  File \"C:\\Users\\UK-PC\\Desktop\\AI driven cargo-wise automation framework\\venv\\Lib\\site-packages\\pymongo\\synchronous\\mongo_client.py\", line 2823, in _get_server\n    return self._client._select_server(\n           ^^^^^^^^^^^^^^^^^^^^^^^^^^^^\n  File \"C:\\Users\\UK-PC\\Desktop\\AI driven cargo-wise automation framework\\venv\\Lib\\site-packages\\pymongo\\synchronous\\mongo_client.py\", line 1799, in _select_server\n    topology = self._get_topology()\n               ^^^^^^^^^^^^^^^^^^^^\n  File \"C:\\Users\\UK-PC\\Desktop\\AI driven cargo-wise automation framework\\venv\\Lib\\site-packages\\pymongo\\synchronous\\mongo_client.py\", line 1737, in _get_topology\n    self._resolve_srv()\n  File \"C:\\Users\\UK-PC\\Desktop\\AI driven cargo-wise automation framework\\venv\\Lib\\site-packages\\pymongo\\synchronous\\mongo_client.py\", line 903, in _resolve_srv\n    res = uri_parser._parse_srv(\n          ^^^^^^^^^^^^^^^^^^^^^^\n  File \"C:\\Users\\UK-PC\\Desktop\\AI driven cargo-wise automation framework\\venv\\Lib\\site-packages\\pymongo\\synchronous\\uri_parser.py\", line 163, in _parse_srv\n    nodes = dns_resolver.get_hosts()\n            ^^^^^^^^^^^^^^^^^^^^^^^^\n  File \"C:\\Users\\UK-PC\\Desktop\\AI driven cargo-wise automation framework\\venv\\Lib\\site-packages\\pymongo\\synchronous\\srv_resolver.py\", line 157, in get_hosts\n    _, nodes = self._get_srv_response_and_hosts(True)\n               ^^^^^^^^^^^^^^^^^^^^^^^^^^^^^^^^^^^^^^\n  File \"C:\\Users\\UK-PC\\Desktop\\AI driven cargo-wise automation framework\\venv\\Lib\\site-packages\\pymongo\\synchronous\\srv_resolver.py\", line 131, in _get_srv_response_and_hosts\n    results = self._resolve_uri(encapsulate_errors)\n              ^^^^^^^^^^^^^^^^^^^^^^^^^^^^^^^^^^^^^\n  File \"C:\\Users\\UK-PC\\Desktop\\AI driven cargo-wise automation framework\\venv\\Lib\\site-packages\\pymongo\\synchronous\\srv_resolver.py\", line 125, in _resolve_uri\n    raise ConfigurationError(str(exc)) from None\npymongo.errors.ConfigurationError: All nameservers failed to answer the query _mongodb._tcp.cluster0.pzstbpn.mongodb.net. IN SRV: Server Do53:10.213.37.41@53 answered [WinError 10065] A socket operation was attempted to an unreachable host\n", "module": "logging", "function": "log_to_db", "line": 171}
{"timestamp": "2025-08-15T11:38:44.780937", "level": "ERROR", "logger": "app.utils.logging", "message": "Error logging to database: All nameservers failed to answer the query _mongodb._tcp.cluster0.pzstbpn.mongodb.net. IN SRV: Server Do53:10.213.37.41@53 answered [WinError 10065] A socket operation was attempted to an unreachable host", "module": "logging", "function": "log_to_db", "line": 168}
{"timestamp": "2025-08-15T11:38:44.840940", "level": "ERROR", "logger": "app.utils.logging", "message": "Traceback (most recent call last):\n  File \"C:\\Users\\UK-PC\\Desktop\\AI driven cargo-wise automation framework\\cargowise-ai-backend\\app\\utils\\logging.py\", line 166, in log_to_db\n    return await _log_repository.create_log(log_entry)\n           ^^^^^^^^^^^^^^^^^^^^^^^^^^^^^^^^^^^^^^^^^^^\n  File \"C:\\Users\\UK-PC\\Desktop\\AI driven cargo-wise automation framework\\cargowise-ai-backend\\app\\db\\repositories\\log_repository.py\", line 37, in create_log\n    return await self.create(log_entry)\n           ^^^^^^^^^^^^^^^^^^^^^^^^^^^^\n  File \"C:\\Users\\UK-PC\\Desktop\\AI driven cargo-wise automation framework\\cargowise-ai-backend\\app\\db\\repositories\\base_respository.py\", line 21, in create\n    await self.collection.insert_one(model_dict)\n  File \"C:\\Python311\\Lib\\concurrent\\futures\\thread.py\", line 58, in run\n    result = self.fn(*self.args, **self.kwargs)\n             ^^^^^^^^^^^^^^^^^^^^^^^^^^^^^^^^^^\n  File \"C:\\Users\\UK-PC\\Desktop\\AI driven cargo-wise automation framework\\venv\\Lib\\site-packages\\pymongo\\synchronous\\collection.py\", line 891, in insert_one\n    self._insert_one(\n  File \"C:\\Users\\UK-PC\\Desktop\\AI driven cargo-wise automation framework\\venv\\Lib\\site-packages\\pymongo\\synchronous\\collection.py\", line 831, in _insert_one\n    self._database.client._retryable_write(\n  File \"C:\\Users\\UK-PC\\Desktop\\AI driven cargo-wise automation framework\\venv\\Lib\\site-packages\\pymongo\\synchronous\\mongo_client.py\", line 2061, in _retryable_write\n    return self._retry_with_session(retryable, func, s, bulk, operation, operation_id)\n           ^^^^^^^^^^^^^^^^^^^^^^^^^^^^^^^^^^^^^^^^^^^^^^^^^^^^^^^^^^^^^^^^^^^^^^^^^^^\n  File \"C:\\Users\\UK-PC\\Desktop\\AI driven cargo-wise automation framework\\venv\\Lib\\site-packages\\pymongo\\synchronous\\mongo_client.py\", line 1947, in _retry_with_session\n    return self._retry_internal(\n           ^^^^^^^^^^^^^^^^^^^^^\n  File \"C:\\Users\\UK-PC\\Desktop\\AI driven cargo-wise automation framework\\venv\\Lib\\site-packages\\pymongo\\_csot.py\", line 119, in csot_wrapper\n    return func(self, *args, **kwargs)\n           ^^^^^^^^^^^^^^^^^^^^^^^^^^^\n  File \"C:\\Users\\UK-PC\\Desktop\\AI driven cargo-wise automation framework\\venv\\Lib\\site-packages\\pymongo\\synchronous\\mongo_client.py\", line 1993, in _retry_internal\n    ).run()\n      ^^^^^\n  File \"C:\\Users\\UK-PC\\Desktop\\AI driven cargo-wise automation framework\\venv\\Lib\\site-packages\\pymongo\\synchronous\\mongo_client.py\", line 2730, in run\n    return self._read() if self._is_read else self._write()\n                                              ^^^^^^^^^^^^^\n  File \"C:\\Users\\UK-PC\\Desktop\\AI driven cargo-wise automation framework\\venv\\Lib\\site-packages\\pymongo\\synchronous\\mongo_client.py\", line 2840, in _write\n    self._server = self._get_server()\n                   ^^^^^^^^^^^^^^^^^^\n  File \"C:\\Users\\UK-PC\\Desktop\\AI driven cargo-wise automation framework\\venv\\Lib\\site-packages\\pymongo\\synchronous\\mongo_client.py\", line 2823, in _get_server\n    return self._client._select_server(\n           ^^^^^^^^^^^^^^^^^^^^^^^^^^^^\n  File \"C:\\Users\\UK-PC\\Desktop\\AI driven cargo-wise automation framework\\venv\\Lib\\site-packages\\pymongo\\synchronous\\mongo_client.py\", line 1799, in _select_server\n    topology = self._get_topology()\n               ^^^^^^^^^^^^^^^^^^^^\n  File \"C:\\Users\\UK-PC\\Desktop\\AI driven cargo-wise automation framework\\venv\\Lib\\site-packages\\pymongo\\synchronous\\mongo_client.py\", line 1737, in _get_topology\n    self._resolve_srv()\n  File \"C:\\Users\\UK-PC\\Desktop\\AI driven cargo-wise automation framework\\venv\\Lib\\site-packages\\pymongo\\synchronous\\mongo_client.py\", line 903, in _resolve_srv\n    res = uri_parser._parse_srv(\n          ^^^^^^^^^^^^^^^^^^^^^^\n  File \"C:\\Users\\UK-PC\\Desktop\\AI driven cargo-wise automation framework\\venv\\Lib\\site-packages\\pymongo\\synchronous\\uri_parser.py\", line 163, in _parse_srv\n    nodes = dns_resolver.get_hosts()\n            ^^^^^^^^^^^^^^^^^^^^^^^^\n  File \"C:\\Users\\UK-PC\\Desktop\\AI driven cargo-wise automation framework\\venv\\Lib\\site-packages\\pymongo\\synchronous\\srv_resolver.py\", line 157, in get_hosts\n    _, nodes = self._get_srv_response_and_hosts(True)\n               ^^^^^^^^^^^^^^^^^^^^^^^^^^^^^^^^^^^^^^\n  File \"C:\\Users\\UK-PC\\Desktop\\AI driven cargo-wise automation framework\\venv\\Lib\\site-packages\\pymongo\\synchronous\\srv_resolver.py\", line 131, in _get_srv_response_and_hosts\n    results = self._resolve_uri(encapsulate_errors)\n              ^^^^^^^^^^^^^^^^^^^^^^^^^^^^^^^^^^^^^\n  File \"C:\\Users\\UK-PC\\Desktop\\AI driven cargo-wise automation framework\\venv\\Lib\\site-packages\\pymongo\\synchronous\\srv_resolver.py\", line 125, in _resolve_uri\n    raise ConfigurationError(str(exc)) from None\npymongo.errors.ConfigurationError: All nameservers failed to answer the query _mongodb._tcp.cluster0.pzstbpn.mongodb.net. IN SRV: Server Do53:10.213.37.41@53 answered [WinError 10065] A socket operation was attempted to an unreachable host\n", "module": "logging", "function": "log_to_db", "line": 171}
{"timestamp": "2025-08-15T11:38:45.007980", "level": "ERROR", "logger": "app.utils.logging", "message": "Error logging to database: All nameservers failed to answer the query _mongodb._tcp.cluster0.pzstbpn.mongodb.net. IN SRV: Server Do53:10.213.37.41@53 answered [WinError 10065] A socket operation was attempted to an unreachable host", "module": "logging", "function": "log_to_db", "line": 168}
{"timestamp": "2025-08-15T11:38:45.112957", "level": "ERROR", "logger": "app.utils.logging", "message": "Traceback (most recent call last):\n  File \"C:\\Users\\UK-PC\\Desktop\\AI driven cargo-wise automation framework\\cargowise-ai-backend\\app\\utils\\logging.py\", line 166, in log_to_db\n    return await _log_repository.create_log(log_entry)\n           ^^^^^^^^^^^^^^^^^^^^^^^^^^^^^^^^^^^^^^^^^^^\n  File \"C:\\Users\\UK-PC\\Desktop\\AI driven cargo-wise automation framework\\cargowise-ai-backend\\app\\db\\repositories\\log_repository.py\", line 37, in create_log\n    return await self.create(log_entry)\n           ^^^^^^^^^^^^^^^^^^^^^^^^^^^^\n  File \"C:\\Users\\UK-PC\\Desktop\\AI driven cargo-wise automation framework\\cargowise-ai-backend\\app\\db\\repositories\\base_respository.py\", line 21, in create\n    await self.collection.insert_one(model_dict)\n  File \"C:\\Python311\\Lib\\concurrent\\futures\\thread.py\", line 58, in run\n    result = self.fn(*self.args, **self.kwargs)\n             ^^^^^^^^^^^^^^^^^^^^^^^^^^^^^^^^^^\n  File \"C:\\Users\\UK-PC\\Desktop\\AI driven cargo-wise automation framework\\venv\\Lib\\site-packages\\pymongo\\synchronous\\collection.py\", line 891, in insert_one\n    self._insert_one(\n  File \"C:\\Users\\UK-PC\\Desktop\\AI driven cargo-wise automation framework\\venv\\Lib\\site-packages\\pymongo\\synchronous\\collection.py\", line 831, in _insert_one\n    self._database.client._retryable_write(\n  File \"C:\\Users\\UK-PC\\Desktop\\AI driven cargo-wise automation framework\\venv\\Lib\\site-packages\\pymongo\\synchronous\\mongo_client.py\", line 2061, in _retryable_write\n    return self._retry_with_session(retryable, func, s, bulk, operation, operation_id)\n           ^^^^^^^^^^^^^^^^^^^^^^^^^^^^^^^^^^^^^^^^^^^^^^^^^^^^^^^^^^^^^^^^^^^^^^^^^^^\n  File \"C:\\Users\\UK-PC\\Desktop\\AI driven cargo-wise automation framework\\venv\\Lib\\site-packages\\pymongo\\synchronous\\mongo_client.py\", line 1947, in _retry_with_session\n    return self._retry_internal(\n           ^^^^^^^^^^^^^^^^^^^^^\n  File \"C:\\Users\\UK-PC\\Desktop\\AI driven cargo-wise automation framework\\venv\\Lib\\site-packages\\pymongo\\_csot.py\", line 119, in csot_wrapper\n    return func(self, *args, **kwargs)\n           ^^^^^^^^^^^^^^^^^^^^^^^^^^^\n  File \"C:\\Users\\UK-PC\\Desktop\\AI driven cargo-wise automation framework\\venv\\Lib\\site-packages\\pymongo\\synchronous\\mongo_client.py\", line 1993, in _retry_internal\n    ).run()\n      ^^^^^\n  File \"C:\\Users\\UK-PC\\Desktop\\AI driven cargo-wise automation framework\\venv\\Lib\\site-packages\\pymongo\\synchronous\\mongo_client.py\", line 2730, in run\n    return self._read() if self._is_read else self._write()\n                                              ^^^^^^^^^^^^^\n  File \"C:\\Users\\UK-PC\\Desktop\\AI driven cargo-wise automation framework\\venv\\Lib\\site-packages\\pymongo\\synchronous\\mongo_client.py\", line 2840, in _write\n    self._server = self._get_server()\n                   ^^^^^^^^^^^^^^^^^^\n  File \"C:\\Users\\UK-PC\\Desktop\\AI driven cargo-wise automation framework\\venv\\Lib\\site-packages\\pymongo\\synchronous\\mongo_client.py\", line 2823, in _get_server\n    return self._client._select_server(\n           ^^^^^^^^^^^^^^^^^^^^^^^^^^^^\n  File \"C:\\Users\\UK-PC\\Desktop\\AI driven cargo-wise automation framework\\venv\\Lib\\site-packages\\pymongo\\synchronous\\mongo_client.py\", line 1799, in _select_server\n    topology = self._get_topology()\n               ^^^^^^^^^^^^^^^^^^^^\n  File \"C:\\Users\\UK-PC\\Desktop\\AI driven cargo-wise automation framework\\venv\\Lib\\site-packages\\pymongo\\synchronous\\mongo_client.py\", line 1737, in _get_topology\n    self._resolve_srv()\n  File \"C:\\Users\\UK-PC\\Desktop\\AI driven cargo-wise automation framework\\venv\\Lib\\site-packages\\pymongo\\synchronous\\mongo_client.py\", line 903, in _resolve_srv\n    res = uri_parser._parse_srv(\n          ^^^^^^^^^^^^^^^^^^^^^^\n  File \"C:\\Users\\UK-PC\\Desktop\\AI driven cargo-wise automation framework\\venv\\Lib\\site-packages\\pymongo\\synchronous\\uri_parser.py\", line 163, in _parse_srv\n    nodes = dns_resolver.get_hosts()\n            ^^^^^^^^^^^^^^^^^^^^^^^^\n  File \"C:\\Users\\UK-PC\\Desktop\\AI driven cargo-wise automation framework\\venv\\Lib\\site-packages\\pymongo\\synchronous\\srv_resolver.py\", line 157, in get_hosts\n    _, nodes = self._get_srv_response_and_hosts(True)\n               ^^^^^^^^^^^^^^^^^^^^^^^^^^^^^^^^^^^^^^\n  File \"C:\\Users\\UK-PC\\Desktop\\AI driven cargo-wise automation framework\\venv\\Lib\\site-packages\\pymongo\\synchronous\\srv_resolver.py\", line 131, in _get_srv_response_and_hosts\n    results = self._resolve_uri(encapsulate_errors)\n              ^^^^^^^^^^^^^^^^^^^^^^^^^^^^^^^^^^^^^\n  File \"C:\\Users\\UK-PC\\Desktop\\AI driven cargo-wise automation framework\\venv\\Lib\\site-packages\\pymongo\\synchronous\\srv_resolver.py\", line 125, in _resolve_uri\n    raise ConfigurationError(str(exc)) from None\npymongo.errors.ConfigurationError: All nameservers failed to answer the query _mongodb._tcp.cluster0.pzstbpn.mongodb.net. IN SRV: Server Do53:10.213.37.41@53 answered [WinError 10065] A socket operation was attempted to an unreachable host\n", "module": "logging", "function": "log_to_db", "line": 171}
{"timestamp": "2025-08-15T11:41:36.219952", "level": "ERROR", "logger": "app.automation.robot.robot_driver", "message": "Robot Framework not found. Please install with: pip install robotframework", "module": "robot_driver", "function": "_verify_environment", "line": 59}
{"timestamp": "2025-08-15T11:41:36.224855", "level": "ERROR", "logger": "app.automation.robot.robot_driver", "message": "Error: ", "module": "robot_driver", "function": "_verify_environment", "line": 60}
{"timestamp": "2025-08-15T11:43:58.529323", "level": "ERROR", "logger": "app.automation.robot.robot_driver", "message": "Robot Framework not found. Please install with: pip install robotframework", "module": "robot_driver", "function": "_verify_environment", "line": 59}
{"timestamp": "2025-08-15T11:43:58.532317", "level": "ERROR", "logger": "app.automation.robot.robot_driver", "message": "Error: ", "module": "robot_driver", "function": "_verify_environment", "line": 60}
{"timestamp": "2025-08-15T11:50:27.794559", "level": "ERROR", "logger": "app.automation.robot.robot_driver", "message": "Robot command timed out after 300 seconds", "module": "robot_driver", "function": "_run_robot_command_with_timeout", "line": 215}
{"timestamp": "2025-08-15T11:50:30.944942", "level": "ERROR", "logger": "app.automation.robot.robot_driver", "message": "Robot execution failed: Command timed out after 300 seconds", "module": "robot_driver", "function": "execute_robot_script", "line": 569}
{"timestamp": "2025-08-15T11:50:38.325652", "level": "ERROR", "logger": "app.api.v1.task", "message": "Error during cleanup for resumed task d4d754bf-8a4e-40c3-940c-4f508596ab22: object NoneType can't be used in 'await' expression", "module": "task", "function": "resume_task_background", "line": 1033}
{"timestamp": "2025-08-15T11:50:38.339635", "level": "ERROR", "logger": "task", "message": "Task d4d754bf-8a4e-40c3-940c-4f508596ab22: Cleanup failed: object NoneType can't be used in 'await' expression", "module": "logging", "function": "log_to_file", "line": 226, "task_id": "d4d754bf-8a4e-40c3-940c-4f508596ab22", "source": "TASK"}
{"timestamp": "2025-08-15T11:57:14.810660", "level": "ERROR", "logger": "app.utils.logging", "message": "Error logging to database: The resolution lifetime expired after 21.165 seconds: Server Do53:10.213.37.41@53 answered The DNS operation timed out.; Server Do53:10.213.37.41@53 answered The DNS operation timed out.; Server Do53:10.213.37.41@53 answered The DNS operation timed out.; Server Do53:10.213.37.41@53 answered The DNS operation timed out.; Server Do53:10.213.37.41@53 answered The DNS operation timed out.; Server Do53:10.213.37.41@53 answered The DNS operation timed out.; Server Do53:10.213.37.41@53 answered The DNS operation timed out.", "module": "logging", "function": "log_to_db", "line": 168}
{"timestamp": "2025-08-15T11:57:15.105651", "level": "ERROR", "logger": "app.utils.logging", "message": "Traceback (most recent call last):\n  File \"C:\\Users\\UK-PC\\Desktop\\AI driven cargo-wise automation framework\\cargowise-ai-backend\\app\\utils\\logging.py\", line 166, in log_to_db\n    return await _log_repository.create_log(log_entry)\n           ^^^^^^^^^^^^^^^^^^^^^^^^^^^^^^^^^^^^^^^^^^^\n  File \"C:\\Users\\UK-PC\\Desktop\\AI driven cargo-wise automation framework\\cargowise-ai-backend\\app\\db\\repositories\\log_repository.py\", line 37, in create_log\n    return await self.create(log_entry)\n           ^^^^^^^^^^^^^^^^^^^^^^^^^^^^\n  File \"C:\\Users\\UK-PC\\Desktop\\AI driven cargo-wise automation framework\\cargowise-ai-backend\\app\\db\\repositories\\base_respository.py\", line 21, in create\n    await self.collection.insert_one(model_dict)\n  File \"C:\\Python311\\Lib\\concurrent\\futures\\thread.py\", line 58, in run\n    result = self.fn(*self.args, **self.kwargs)\n             ^^^^^^^^^^^^^^^^^^^^^^^^^^^^^^^^^^\n  File \"C:\\Users\\UK-PC\\Desktop\\AI driven cargo-wise automation framework\\venv\\Lib\\site-packages\\pymongo\\synchronous\\collection.py\", line 891, in insert_one\n    self._insert_one(\n  File \"C:\\Users\\UK-PC\\Desktop\\AI driven cargo-wise automation framework\\venv\\Lib\\site-packages\\pymongo\\synchronous\\collection.py\", line 831, in _insert_one\n    self._database.client._retryable_write(\n  File \"C:\\Users\\UK-PC\\Desktop\\AI driven cargo-wise automation framework\\venv\\Lib\\site-packages\\pymongo\\synchronous\\mongo_client.py\", line 2061, in _retryable_write\n    return self._retry_with_session(retryable, func, s, bulk, operation, operation_id)\n           ^^^^^^^^^^^^^^^^^^^^^^^^^^^^^^^^^^^^^^^^^^^^^^^^^^^^^^^^^^^^^^^^^^^^^^^^^^^\n  File \"C:\\Users\\UK-PC\\Desktop\\AI driven cargo-wise automation framework\\venv\\Lib\\site-packages\\pymongo\\synchronous\\mongo_client.py\", line 1947, in _retry_with_session\n    return self._retry_internal(\n           ^^^^^^^^^^^^^^^^^^^^^\n  File \"C:\\Users\\UK-PC\\Desktop\\AI driven cargo-wise automation framework\\venv\\Lib\\site-packages\\pymongo\\_csot.py\", line 119, in csot_wrapper\n    return func(self, *args, **kwargs)\n           ^^^^^^^^^^^^^^^^^^^^^^^^^^^\n  File \"C:\\Users\\UK-PC\\Desktop\\AI driven cargo-wise automation framework\\venv\\Lib\\site-packages\\pymongo\\synchronous\\mongo_client.py\", line 1993, in _retry_internal\n    ).run()\n      ^^^^^\n  File \"C:\\Users\\UK-PC\\Desktop\\AI driven cargo-wise automation framework\\venv\\Lib\\site-packages\\pymongo\\synchronous\\mongo_client.py\", line 2730, in run\n    return self._read() if self._is_read else self._write()\n                                              ^^^^^^^^^^^^^\n  File \"C:\\Users\\UK-PC\\Desktop\\AI driven cargo-wise automation framework\\venv\\Lib\\site-packages\\pymongo\\synchronous\\mongo_client.py\", line 2840, in _write\n    self._server = self._get_server()\n                   ^^^^^^^^^^^^^^^^^^\n  File \"C:\\Users\\UK-PC\\Desktop\\AI driven cargo-wise automation framework\\venv\\Lib\\site-packages\\pymongo\\synchronous\\mongo_client.py\", line 2823, in _get_server\n    return self._client._select_server(\n           ^^^^^^^^^^^^^^^^^^^^^^^^^^^^\n  File \"C:\\Users\\UK-PC\\Desktop\\AI driven cargo-wise automation framework\\venv\\Lib\\site-packages\\pymongo\\synchronous\\mongo_client.py\", line 1799, in _select_server\n    topology = self._get_topology()\n               ^^^^^^^^^^^^^^^^^^^^\n  File \"C:\\Users\\UK-PC\\Desktop\\AI driven cargo-wise automation framework\\venv\\Lib\\site-packages\\pymongo\\synchronous\\mongo_client.py\", line 1737, in _get_topology\n    self._resolve_srv()\n  File \"C:\\Users\\UK-PC\\Desktop\\AI driven cargo-wise automation framework\\venv\\Lib\\site-packages\\pymongo\\synchronous\\mongo_client.py\", line 903, in _resolve_srv\n    res = uri_parser._parse_srv(\n          ^^^^^^^^^^^^^^^^^^^^^^\n  File \"C:\\Users\\UK-PC\\Desktop\\AI driven cargo-wise automation framework\\venv\\Lib\\site-packages\\pymongo\\synchronous\\uri_parser.py\", line 163, in _parse_srv\n    nodes = dns_resolver.get_hosts()\n            ^^^^^^^^^^^^^^^^^^^^^^^^\n  File \"C:\\Users\\UK-PC\\Desktop\\AI driven cargo-wise automation framework\\venv\\Lib\\site-packages\\pymongo\\synchronous\\srv_resolver.py\", line 157, in get_hosts\n    _, nodes = self._get_srv_response_and_hosts(True)\n               ^^^^^^^^^^^^^^^^^^^^^^^^^^^^^^^^^^^^^^\n  File \"C:\\Users\\UK-PC\\Desktop\\AI driven cargo-wise automation framework\\venv\\Lib\\site-packages\\pymongo\\synchronous\\srv_resolver.py\", line 131, in _get_srv_response_and_hosts\n    results = self._resolve_uri(encapsulate_errors)\n              ^^^^^^^^^^^^^^^^^^^^^^^^^^^^^^^^^^^^^\n  File \"C:\\Users\\UK-PC\\Desktop\\AI driven cargo-wise automation framework\\venv\\Lib\\site-packages\\pymongo\\synchronous\\srv_resolver.py\", line 125, in _resolve_uri\n    raise ConfigurationError(str(exc)) from None\npymongo.errors.ConfigurationError: The resolution lifetime expired after 21.165 seconds: Server Do53:10.213.37.41@53 answered The DNS operation timed out.; Server Do53:10.213.37.41@53 answered The DNS operation timed out.; Server Do53:10.213.37.41@53 answered The DNS operation timed out.; Server Do53:10.213.37.41@53 answered The DNS operation timed out.; Server Do53:10.213.37.41@53 answered The DNS operation timed out.; Server Do53:10.213.37.41@53 answered The DNS operation timed out.; Server Do53:10.213.37.41@53 answered The DNS operation timed out.\n", "module": "logging", "function": "log_to_db", "line": 171}
{"timestamp": "2025-08-15T11:57:15.145669", "level": "ERROR", "logger": "app.utils.logging", "message": "Error logging to database: The resolution lifetime expired after 21.188 seconds: Server Do53:10.213.37.41@53 answered The DNS operation timed out.; Server Do53:10.213.37.41@53 answered The DNS operation timed out.; Server Do53:10.213.37.41@53 answered The DNS operation timed out.; Server Do53:10.213.37.41@53 answered The DNS operation timed out.; Server Do53:10.213.37.41@53 answered The DNS operation timed out.; Server Do53:10.213.37.41@53 answered The DNS operation timed out.; Server Do53:10.213.37.41@53 answered The DNS operation timed out.", "module": "logging", "function": "log_to_db", "line": 168}
{"timestamp": "2025-08-15T11:57:15.154803", "level": "ERROR", "logger": "app.utils.logging", "message": "Traceback (most recent call last):\n  File \"C:\\Users\\UK-PC\\Desktop\\AI driven cargo-wise automation framework\\cargowise-ai-backend\\app\\utils\\logging.py\", line 166, in log_to_db\n    return await _log_repository.create_log(log_entry)\n           ^^^^^^^^^^^^^^^^^^^^^^^^^^^^^^^^^^^^^^^^^^^\n  File \"C:\\Users\\UK-PC\\Desktop\\AI driven cargo-wise automation framework\\cargowise-ai-backend\\app\\db\\repositories\\log_repository.py\", line 37, in create_log\n    return await self.create(log_entry)\n           ^^^^^^^^^^^^^^^^^^^^^^^^^^^^\n  File \"C:\\Users\\UK-PC\\Desktop\\AI driven cargo-wise automation framework\\cargowise-ai-backend\\app\\db\\repositories\\base_respository.py\", line 21, in create\n    await self.collection.insert_one(model_dict)\n  File \"C:\\Python311\\Lib\\concurrent\\futures\\thread.py\", line 58, in run\n    result = self.fn(*self.args, **self.kwargs)\n             ^^^^^^^^^^^^^^^^^^^^^^^^^^^^^^^^^^\n  File \"C:\\Users\\UK-PC\\Desktop\\AI driven cargo-wise automation framework\\venv\\Lib\\site-packages\\pymongo\\synchronous\\collection.py\", line 891, in insert_one\n    self._insert_one(\n  File \"C:\\Users\\UK-PC\\Desktop\\AI driven cargo-wise automation framework\\venv\\Lib\\site-packages\\pymongo\\synchronous\\collection.py\", line 831, in _insert_one\n    self._database.client._retryable_write(\n  File \"C:\\Users\\UK-PC\\Desktop\\AI driven cargo-wise automation framework\\venv\\Lib\\site-packages\\pymongo\\synchronous\\mongo_client.py\", line 2061, in _retryable_write\n    return self._retry_with_session(retryable, func, s, bulk, operation, operation_id)\n           ^^^^^^^^^^^^^^^^^^^^^^^^^^^^^^^^^^^^^^^^^^^^^^^^^^^^^^^^^^^^^^^^^^^^^^^^^^^\n  File \"C:\\Users\\UK-PC\\Desktop\\AI driven cargo-wise automation framework\\venv\\Lib\\site-packages\\pymongo\\synchronous\\mongo_client.py\", line 1947, in _retry_with_session\n    return self._retry_internal(\n           ^^^^^^^^^^^^^^^^^^^^^\n  File \"C:\\Users\\UK-PC\\Desktop\\AI driven cargo-wise automation framework\\venv\\Lib\\site-packages\\pymongo\\_csot.py\", line 119, in csot_wrapper\n    return func(self, *args, **kwargs)\n           ^^^^^^^^^^^^^^^^^^^^^^^^^^^\n  File \"C:\\Users\\UK-PC\\Desktop\\AI driven cargo-wise automation framework\\venv\\Lib\\site-packages\\pymongo\\synchronous\\mongo_client.py\", line 1993, in _retry_internal\n    ).run()\n      ^^^^^\n  File \"C:\\Users\\UK-PC\\Desktop\\AI driven cargo-wise automation framework\\venv\\Lib\\site-packages\\pymongo\\synchronous\\mongo_client.py\", line 2730, in run\n    return self._read() if self._is_read else self._write()\n                                              ^^^^^^^^^^^^^\n  File \"C:\\Users\\UK-PC\\Desktop\\AI driven cargo-wise automation framework\\venv\\Lib\\site-packages\\pymongo\\synchronous\\mongo_client.py\", line 2840, in _write\n    self._server = self._get_server()\n                   ^^^^^^^^^^^^^^^^^^\n  File \"C:\\Users\\UK-PC\\Desktop\\AI driven cargo-wise automation framework\\venv\\Lib\\site-packages\\pymongo\\synchronous\\mongo_client.py\", line 2823, in _get_server\n    return self._client._select_server(\n           ^^^^^^^^^^^^^^^^^^^^^^^^^^^^\n  File \"C:\\Users\\UK-PC\\Desktop\\AI driven cargo-wise automation framework\\venv\\Lib\\site-packages\\pymongo\\synchronous\\mongo_client.py\", line 1799, in _select_server\n    topology = self._get_topology()\n               ^^^^^^^^^^^^^^^^^^^^\n  File \"C:\\Users\\UK-PC\\Desktop\\AI driven cargo-wise automation framework\\venv\\Lib\\site-packages\\pymongo\\synchronous\\mongo_client.py\", line 1737, in _get_topology\n    self._resolve_srv()\n  File \"C:\\Users\\UK-PC\\Desktop\\AI driven cargo-wise automation framework\\venv\\Lib\\site-packages\\pymongo\\synchronous\\mongo_client.py\", line 903, in _resolve_srv\n    res = uri_parser._parse_srv(\n          ^^^^^^^^^^^^^^^^^^^^^^\n  File \"C:\\Users\\UK-PC\\Desktop\\AI driven cargo-wise automation framework\\venv\\Lib\\site-packages\\pymongo\\synchronous\\uri_parser.py\", line 163, in _parse_srv\n    nodes = dns_resolver.get_hosts()\n            ^^^^^^^^^^^^^^^^^^^^^^^^\n  File \"C:\\Users\\UK-PC\\Desktop\\AI driven cargo-wise automation framework\\venv\\Lib\\site-packages\\pymongo\\synchronous\\srv_resolver.py\", line 157, in get_hosts\n    _, nodes = self._get_srv_response_and_hosts(True)\n               ^^^^^^^^^^^^^^^^^^^^^^^^^^^^^^^^^^^^^^\n  File \"C:\\Users\\UK-PC\\Desktop\\AI driven cargo-wise automation framework\\venv\\Lib\\site-packages\\pymongo\\synchronous\\srv_resolver.py\", line 131, in _get_srv_response_and_hosts\n    results = self._resolve_uri(encapsulate_errors)\n              ^^^^^^^^^^^^^^^^^^^^^^^^^^^^^^^^^^^^^\n  File \"C:\\Users\\UK-PC\\Desktop\\AI driven cargo-wise automation framework\\venv\\Lib\\site-packages\\pymongo\\synchronous\\srv_resolver.py\", line 125, in _resolve_uri\n    raise ConfigurationError(str(exc)) from None\npymongo.errors.ConfigurationError: The resolution lifetime expired after 21.188 seconds: Server Do53:10.213.37.41@53 answered The DNS operation timed out.; Server Do53:10.213.37.41@53 answered The DNS operation timed out.; Server Do53:10.213.37.41@53 answered The DNS operation timed out.; Server Do53:10.213.37.41@53 answered The DNS operation timed out.; Server Do53:10.213.37.41@53 answered The DNS operation timed out.; Server Do53:10.213.37.41@53 answered The DNS operation timed out.; Server Do53:10.213.37.41@53 answered The DNS operation timed out.\n", "module": "logging", "function": "log_to_db", "line": 171}
{"timestamp": "2025-08-15T11:57:15.201705", "level": "ERROR", "logger": "api", "message": "API request failed: GET /api/v1/auth/me - The resolution lifetime expired after 21.183 seconds: Server Do53:10.213.37.41@53 answered The DNS operation timed out.; Server Do53:10.213.37.41@53 answered The DNS operation timed out.; Server Do53:10.213.37.41@53 answered The DNS operation timed out.; Server Do53:10.213.37.41@53 answered The DNS operation timed out.; Server Do53:10.213.37.41@53 answered The DNS operation timed out.; Server Do53:10.213.37.41@53 answered The DNS operation timed out.; Server Do53:10.213.37.41@53 answered The DNS operation timed out.", "module": "logging", "function": "log_to_file", "line": 226, "source": "API", "request_id": "eee2b99f-f545-435b-aeb0-31a96cc64b57", "method": "GET", "path": "/api/v1/auth/me", "duration_ms": 21972, "error": "The resolution lifetime expired after 21.183 seconds: Server Do53:10.213.37.41@53 answered The DNS operation timed out.; Server Do53:10.213.37.41@53 answered The DNS operation timed out.; Server Do53:10.213.37.41@53 answered The DNS operation timed out.; Server Do53:10.213.37.41@53 answered The DNS operation timed out.; Server Do53:10.213.37.41@53 answered The DNS operation timed out.; Server Do53:10.213.37.41@53 answered The DNS operation timed out.; Server Do53:10.213.37.41@53 answered The DNS operation timed out."}
{"timestamp": "2025-08-15T11:57:34.303302", "level": "ERROR", "logger": "api", "message": "API request failed: GET /api/v1/auth/me - The resolution lifetime expired after 21.191 seconds: Server Do53:10.213.37.41@53 answered The DNS operation timed out.; Server Do53:10.213.37.41@53 answered The DNS operation timed out.; Server Do53:10.213.37.41@53 answered The DNS operation timed out.; Server Do53:10.213.37.41@53 answered The DNS operation timed out.; Server Do53:10.213.37.41@53 answered The DNS operation timed out.; Server Do53:10.213.37.41@53 answered The DNS operation timed out.; Server Do53:10.213.37.41@53 answered The DNS operation timed out.", "module": "logging", "function": "log_to_file", "line": 226, "source": "API", "request_id": "7407fd5a-0b08-452e-9d3a-6b846bb96148", "method": "GET", "path": "/api/v1/auth/me", "duration_ms": 21196, "error": "The resolution lifetime expired after 21.191 seconds: Server Do53:10.213.37.41@53 answered The DNS operation timed out.; Server Do53:10.213.37.41@53 answered The DNS operation timed out.; Server Do53:10.213.37.41@53 answered The DNS operation timed out.; Server Do53:10.213.37.41@53 answered The DNS operation timed out.; Server Do53:10.213.37.41@53 answered The DNS operation timed out.; Server Do53:10.213.37.41@53 answered The DNS operation timed out.; Server Do53:10.213.37.41@53 answered The DNS operation timed out."}
{"timestamp": "2025-08-15T11:57:36.393211", "level": "ERROR", "logger": "app.utils.logging", "message": "Error logging to database: The resolution lifetime expired after 21.172 seconds: Server Do53:10.213.37.41@53 answered The DNS operation timed out.; Server Do53:10.213.37.41@53 answered The DNS operation timed out.; Server Do53:10.213.37.41@53 answered The DNS operation timed out.; Server Do53:10.213.37.41@53 answered The DNS operation timed out.; Server Do53:10.213.37.41@53 answered The DNS operation timed out.; Server Do53:10.213.37.41@53 answered The DNS operation timed out.; Server Do53:10.213.37.41@53 answered The DNS operation timed out.", "module": "logging", "function": "log_to_db", "line": 168}
{"timestamp": "2025-08-15T11:57:36.399220", "level": "ERROR", "logger": "app.utils.logging", "message": "Traceback (most recent call last):\n  File \"C:\\Users\\UK-PC\\Desktop\\AI driven cargo-wise automation framework\\cargowise-ai-backend\\app\\utils\\logging.py\", line 166, in log_to_db\n    return await _log_repository.create_log(log_entry)\n           ^^^^^^^^^^^^^^^^^^^^^^^^^^^^^^^^^^^^^^^^^^^\n  File \"C:\\Users\\UK-PC\\Desktop\\AI driven cargo-wise automation framework\\cargowise-ai-backend\\app\\db\\repositories\\log_repository.py\", line 37, in create_log\n    return await self.create(log_entry)\n           ^^^^^^^^^^^^^^^^^^^^^^^^^^^^\n  File \"C:\\Users\\UK-PC\\Desktop\\AI driven cargo-wise automation framework\\cargowise-ai-backend\\app\\db\\repositories\\base_respository.py\", line 21, in create\n    await self.collection.insert_one(model_dict)\n  File \"C:\\Python311\\Lib\\concurrent\\futures\\thread.py\", line 58, in run\n    result = self.fn(*self.args, **self.kwargs)\n             ^^^^^^^^^^^^^^^^^^^^^^^^^^^^^^^^^^\n  File \"C:\\Users\\UK-PC\\Desktop\\AI driven cargo-wise automation framework\\venv\\Lib\\site-packages\\pymongo\\synchronous\\collection.py\", line 891, in insert_one\n    self._insert_one(\n  File \"C:\\Users\\UK-PC\\Desktop\\AI driven cargo-wise automation framework\\venv\\Lib\\site-packages\\pymongo\\synchronous\\collection.py\", line 831, in _insert_one\n    self._database.client._retryable_write(\n  File \"C:\\Users\\UK-PC\\Desktop\\AI driven cargo-wise automation framework\\venv\\Lib\\site-packages\\pymongo\\synchronous\\mongo_client.py\", line 2061, in _retryable_write\n    return self._retry_with_session(retryable, func, s, bulk, operation, operation_id)\n           ^^^^^^^^^^^^^^^^^^^^^^^^^^^^^^^^^^^^^^^^^^^^^^^^^^^^^^^^^^^^^^^^^^^^^^^^^^^\n  File \"C:\\Users\\UK-PC\\Desktop\\AI driven cargo-wise automation framework\\venv\\Lib\\site-packages\\pymongo\\synchronous\\mongo_client.py\", line 1947, in _retry_with_session\n    return self._retry_internal(\n           ^^^^^^^^^^^^^^^^^^^^^\n  File \"C:\\Users\\UK-PC\\Desktop\\AI driven cargo-wise automation framework\\venv\\Lib\\site-packages\\pymongo\\_csot.py\", line 119, in csot_wrapper\n    return func(self, *args, **kwargs)\n           ^^^^^^^^^^^^^^^^^^^^^^^^^^^\n  File \"C:\\Users\\UK-PC\\Desktop\\AI driven cargo-wise automation framework\\venv\\Lib\\site-packages\\pymongo\\synchronous\\mongo_client.py\", line 1993, in _retry_internal\n    ).run()\n      ^^^^^\n  File \"C:\\Users\\UK-PC\\Desktop\\AI driven cargo-wise automation framework\\venv\\Lib\\site-packages\\pymongo\\synchronous\\mongo_client.py\", line 2730, in run\n    return self._read() if self._is_read else self._write()\n                                              ^^^^^^^^^^^^^\n  File \"C:\\Users\\UK-PC\\Desktop\\AI driven cargo-wise automation framework\\venv\\Lib\\site-packages\\pymongo\\synchronous\\mongo_client.py\", line 2840, in _write\n    self._server = self._get_server()\n                   ^^^^^^^^^^^^^^^^^^\n  File \"C:\\Users\\UK-PC\\Desktop\\AI driven cargo-wise automation framework\\venv\\Lib\\site-packages\\pymongo\\synchronous\\mongo_client.py\", line 2823, in _get_server\n    return self._client._select_server(\n           ^^^^^^^^^^^^^^^^^^^^^^^^^^^^\n  File \"C:\\Users\\UK-PC\\Desktop\\AI driven cargo-wise automation framework\\venv\\Lib\\site-packages\\pymongo\\synchronous\\mongo_client.py\", line 1799, in _select_server\n    topology = self._get_topology()\n               ^^^^^^^^^^^^^^^^^^^^\n  File \"C:\\Users\\UK-PC\\Desktop\\AI driven cargo-wise automation framework\\venv\\Lib\\site-packages\\pymongo\\synchronous\\mongo_client.py\", line 1737, in _get_topology\n    self._resolve_srv()\n  File \"C:\\Users\\UK-PC\\Desktop\\AI driven cargo-wise automation framework\\venv\\Lib\\site-packages\\pymongo\\synchronous\\mongo_client.py\", line 903, in _resolve_srv\n    res = uri_parser._parse_srv(\n          ^^^^^^^^^^^^^^^^^^^^^^\n  File \"C:\\Users\\UK-PC\\Desktop\\AI driven cargo-wise automation framework\\venv\\Lib\\site-packages\\pymongo\\synchronous\\uri_parser.py\", line 163, in _parse_srv\n    nodes = dns_resolver.get_hosts()\n            ^^^^^^^^^^^^^^^^^^^^^^^^\n  File \"C:\\Users\\UK-PC\\Desktop\\AI driven cargo-wise automation framework\\venv\\Lib\\site-packages\\pymongo\\synchronous\\srv_resolver.py\", line 157, in get_hosts\n    _, nodes = self._get_srv_response_and_hosts(True)\n               ^^^^^^^^^^^^^^^^^^^^^^^^^^^^^^^^^^^^^^\n  File \"C:\\Users\\UK-PC\\Desktop\\AI driven cargo-wise automation framework\\venv\\Lib\\site-packages\\pymongo\\synchronous\\srv_resolver.py\", line 131, in _get_srv_response_and_hosts\n    results = self._resolve_uri(encapsulate_errors)\n              ^^^^^^^^^^^^^^^^^^^^^^^^^^^^^^^^^^^^^\n  File \"C:\\Users\\UK-PC\\Desktop\\AI driven cargo-wise automation framework\\venv\\Lib\\site-packages\\pymongo\\synchronous\\srv_resolver.py\", line 125, in _resolve_uri\n    raise ConfigurationError(str(exc)) from None\npymongo.errors.ConfigurationError: The resolution lifetime expired after 21.172 seconds: Server Do53:10.213.37.41@53 answered The DNS operation timed out.; Server Do53:10.213.37.41@53 answered The DNS operation timed out.; Server Do53:10.213.37.41@53 answered The DNS operation timed out.; Server Do53:10.213.37.41@53 answered The DNS operation timed out.; Server Do53:10.213.37.41@53 answered The DNS operation timed out.; Server Do53:10.213.37.41@53 answered The DNS operation timed out.; Server Do53:10.213.37.41@53 answered The DNS operation timed out.\n", "module": "logging", "function": "log_to_db", "line": 171}
{"timestamp": "2025-08-15T11:57:39.159903", "level": "ERROR", "logger": "app.utils.logging", "message": "Error logging to database: The resolution lifetime expired after 21.152 seconds: Server Do53:10.213.37.41@53 answered The DNS operation timed out.; Server Do53:10.213.37.41@53 answered The DNS operation timed out.; Server Do53:10.213.37.41@53 answered The DNS operation timed out.; Server Do53:10.213.37.41@53 answered The DNS operation timed out.; Server Do53:10.213.37.41@53 answered The DNS operation timed out.; Server Do53:10.213.37.41@53 answered The DNS operation timed out.; Server Do53:10.213.37.41@53 answered The DNS operation timed out.", "module": "logging", "function": "log_to_db", "line": 168}
{"timestamp": "2025-08-15T11:57:39.169893", "level": "ERROR", "logger": "app.utils.logging", "message": "Traceback (most recent call last):\n  File \"C:\\Users\\UK-PC\\Desktop\\AI driven cargo-wise automation framework\\cargowise-ai-backend\\app\\utils\\logging.py\", line 166, in log_to_db\n    return await _log_repository.create_log(log_entry)\n           ^^^^^^^^^^^^^^^^^^^^^^^^^^^^^^^^^^^^^^^^^^^\n  File \"C:\\Users\\UK-PC\\Desktop\\AI driven cargo-wise automation framework\\cargowise-ai-backend\\app\\db\\repositories\\log_repository.py\", line 37, in create_log\n    return await self.create(log_entry)\n           ^^^^^^^^^^^^^^^^^^^^^^^^^^^^\n  File \"C:\\Users\\UK-PC\\Desktop\\AI driven cargo-wise automation framework\\cargowise-ai-backend\\app\\db\\repositories\\base_respository.py\", line 21, in create\n    await self.collection.insert_one(model_dict)\n  File \"C:\\Python311\\Lib\\concurrent\\futures\\thread.py\", line 58, in run\n    result = self.fn(*self.args, **self.kwargs)\n             ^^^^^^^^^^^^^^^^^^^^^^^^^^^^^^^^^^\n  File \"C:\\Users\\UK-PC\\Desktop\\AI driven cargo-wise automation framework\\venv\\Lib\\site-packages\\pymongo\\synchronous\\collection.py\", line 891, in insert_one\n    self._insert_one(\n  File \"C:\\Users\\UK-PC\\Desktop\\AI driven cargo-wise automation framework\\venv\\Lib\\site-packages\\pymongo\\synchronous\\collection.py\", line 831, in _insert_one\n    self._database.client._retryable_write(\n  File \"C:\\Users\\UK-PC\\Desktop\\AI driven cargo-wise automation framework\\venv\\Lib\\site-packages\\pymongo\\synchronous\\mongo_client.py\", line 2061, in _retryable_write\n    return self._retry_with_session(retryable, func, s, bulk, operation, operation_id)\n           ^^^^^^^^^^^^^^^^^^^^^^^^^^^^^^^^^^^^^^^^^^^^^^^^^^^^^^^^^^^^^^^^^^^^^^^^^^^\n  File \"C:\\Users\\UK-PC\\Desktop\\AI driven cargo-wise automation framework\\venv\\Lib\\site-packages\\pymongo\\synchronous\\mongo_client.py\", line 1947, in _retry_with_session\n    return self._retry_internal(\n           ^^^^^^^^^^^^^^^^^^^^^\n  File \"C:\\Users\\UK-PC\\Desktop\\AI driven cargo-wise automation framework\\venv\\Lib\\site-packages\\pymongo\\_csot.py\", line 119, in csot_wrapper\n    return func(self, *args, **kwargs)\n           ^^^^^^^^^^^^^^^^^^^^^^^^^^^\n  File \"C:\\Users\\UK-PC\\Desktop\\AI driven cargo-wise automation framework\\venv\\Lib\\site-packages\\pymongo\\synchronous\\mongo_client.py\", line 1993, in _retry_internal\n    ).run()\n      ^^^^^\n  File \"C:\\Users\\UK-PC\\Desktop\\AI driven cargo-wise automation framework\\venv\\Lib\\site-packages\\pymongo\\synchronous\\mongo_client.py\", line 2730, in run\n    return self._read() if self._is_read else self._write()\n                                              ^^^^^^^^^^^^^\n  File \"C:\\Users\\UK-PC\\Desktop\\AI driven cargo-wise automation framework\\venv\\Lib\\site-packages\\pymongo\\synchronous\\mongo_client.py\", line 2840, in _write\n    self._server = self._get_server()\n                   ^^^^^^^^^^^^^^^^^^\n  File \"C:\\Users\\UK-PC\\Desktop\\AI driven cargo-wise automation framework\\venv\\Lib\\site-packages\\pymongo\\synchronous\\mongo_client.py\", line 2823, in _get_server\n    return self._client._select_server(\n           ^^^^^^^^^^^^^^^^^^^^^^^^^^^^\n  File \"C:\\Users\\UK-PC\\Desktop\\AI driven cargo-wise automation framework\\venv\\Lib\\site-packages\\pymongo\\synchronous\\mongo_client.py\", line 1799, in _select_server\n    topology = self._get_topology()\n               ^^^^^^^^^^^^^^^^^^^^\n  File \"C:\\Users\\UK-PC\\Desktop\\AI driven cargo-wise automation framework\\venv\\Lib\\site-packages\\pymongo\\synchronous\\mongo_client.py\", line 1737, in _get_topology\n    self._resolve_srv()\n  File \"C:\\Users\\UK-PC\\Desktop\\AI driven cargo-wise automation framework\\venv\\Lib\\site-packages\\pymongo\\synchronous\\mongo_client.py\", line 903, in _resolve_srv\n    res = uri_parser._parse_srv(\n          ^^^^^^^^^^^^^^^^^^^^^^\n  File \"C:\\Users\\UK-PC\\Desktop\\AI driven cargo-wise automation framework\\venv\\Lib\\site-packages\\pymongo\\synchronous\\uri_parser.py\", line 163, in _parse_srv\n    nodes = dns_resolver.get_hosts()\n            ^^^^^^^^^^^^^^^^^^^^^^^^\n  File \"C:\\Users\\UK-PC\\Desktop\\AI driven cargo-wise automation framework\\venv\\Lib\\site-packages\\pymongo\\synchronous\\srv_resolver.py\", line 157, in get_hosts\n    _, nodes = self._get_srv_response_and_hosts(True)\n               ^^^^^^^^^^^^^^^^^^^^^^^^^^^^^^^^^^^^^^\n  File \"C:\\Users\\UK-PC\\Desktop\\AI driven cargo-wise automation framework\\venv\\Lib\\site-packages\\pymongo\\synchronous\\srv_resolver.py\", line 131, in _get_srv_response_and_hosts\n    results = self._resolve_uri(encapsulate_errors)\n              ^^^^^^^^^^^^^^^^^^^^^^^^^^^^^^^^^^^^^\n  File \"C:\\Users\\UK-PC\\Desktop\\AI driven cargo-wise automation framework\\venv\\Lib\\site-packages\\pymongo\\synchronous\\srv_resolver.py\", line 125, in _resolve_uri\n    raise ConfigurationError(str(exc)) from None\npymongo.errors.ConfigurationError: The resolution lifetime expired after 21.152 seconds: Server Do53:10.213.37.41@53 answered The DNS operation timed out.; Server Do53:10.213.37.41@53 answered The DNS operation timed out.; Server Do53:10.213.37.41@53 answered The DNS operation timed out.; Server Do53:10.213.37.41@53 answered The DNS operation timed out.; Server Do53:10.213.37.41@53 answered The DNS operation timed out.; Server Do53:10.213.37.41@53 answered The DNS operation timed out.; Server Do53:10.213.37.41@53 answered The DNS operation timed out.\n", "module": "logging", "function": "log_to_db", "line": 171}
{"timestamp": "2025-08-15T11:57:39.515776", "level": "ERROR", "logger": "api", "message": "API request failed: POST /api/v1/auth/login - The resolution lifetime expired after 21.186 seconds: Server Do53:10.213.37.41@53 answered The DNS operation timed out.; Server Do53:10.213.37.41@53 answered The DNS operation timed out.; Server Do53:10.213.37.41@53 answered The DNS operation timed out.; Server Do53:10.213.37.41@53 answered The DNS operation timed out.; Server Do53:10.213.37.41@53 answered The DNS operation timed out.; Server Do53:10.213.37.41@53 answered The DNS operation timed out.; Server Do53:10.213.37.41@53 answered The DNS operation timed out.", "module": "logging", "function": "log_to_file", "line": 226, "source": "API", "request_id": "bf0289e4-75e6-4e32-8179-bd342bc2e5f0", "method": "POST", "path": "/api/v1/auth/login", "duration_ms": 21194, "error": "The resolution lifetime expired after 21.186 seconds: Server Do53:10.213.37.41@53 answered The DNS operation timed out.; Server Do53:10.213.37.41@53 answered The DNS operation timed out.; Server Do53:10.213.37.41@53 answered The DNS operation timed out.; Server Do53:10.213.37.41@53 answered The DNS operation timed out.; Server Do53:10.213.37.41@53 answered The DNS operation timed out.; Server Do53:10.213.37.41@53 answered The DNS operation timed out.; Server Do53:10.213.37.41@53 answered The DNS operation timed out."}
{"timestamp": "2025-08-15T11:57:55.483270", "level": "ERROR", "logger": "app.utils.logging", "message": "Error logging to database: The resolution lifetime expired after 21.170 seconds: Server Do53:10.213.37.41@53 answered The DNS operation timed out.; Server Do53:10.213.37.41@53 answered The DNS operation timed out.; Server Do53:10.213.37.41@53 answered The DNS operation timed out.; Server Do53:10.213.37.41@53 answered The DNS operation timed out.; Server Do53:10.213.37.41@53 answered The DNS operation timed out.; Server Do53:10.213.37.41@53 answered The DNS operation timed out.; Server Do53:10.213.37.41@53 answered The DNS operation timed out.", "module": "logging", "function": "log_to_db", "line": 168}
{"timestamp": "2025-08-15T11:57:55.490278", "level": "ERROR", "logger": "app.utils.logging", "message": "Traceback (most recent call last):\n  File \"C:\\Users\\UK-PC\\Desktop\\AI driven cargo-wise automation framework\\cargowise-ai-backend\\app\\utils\\logging.py\", line 166, in log_to_db\n    return await _log_repository.create_log(log_entry)\n           ^^^^^^^^^^^^^^^^^^^^^^^^^^^^^^^^^^^^^^^^^^^\n  File \"C:\\Users\\UK-PC\\Desktop\\AI driven cargo-wise automation framework\\cargowise-ai-backend\\app\\db\\repositories\\log_repository.py\", line 37, in create_log\n    return await self.create(log_entry)\n           ^^^^^^^^^^^^^^^^^^^^^^^^^^^^\n  File \"C:\\Users\\UK-PC\\Desktop\\AI driven cargo-wise automation framework\\cargowise-ai-backend\\app\\db\\repositories\\base_respository.py\", line 21, in create\n    await self.collection.insert_one(model_dict)\n  File \"C:\\Python311\\Lib\\concurrent\\futures\\thread.py\", line 58, in run\n    result = self.fn(*self.args, **self.kwargs)\n             ^^^^^^^^^^^^^^^^^^^^^^^^^^^^^^^^^^\n  File \"C:\\Users\\UK-PC\\Desktop\\AI driven cargo-wise automation framework\\venv\\Lib\\site-packages\\pymongo\\synchronous\\collection.py\", line 891, in insert_one\n    self._insert_one(\n  File \"C:\\Users\\UK-PC\\Desktop\\AI driven cargo-wise automation framework\\venv\\Lib\\site-packages\\pymongo\\synchronous\\collection.py\", line 831, in _insert_one\n    self._database.client._retryable_write(\n  File \"C:\\Users\\UK-PC\\Desktop\\AI driven cargo-wise automation framework\\venv\\Lib\\site-packages\\pymongo\\synchronous\\mongo_client.py\", line 2061, in _retryable_write\n    return self._retry_with_session(retryable, func, s, bulk, operation, operation_id)\n           ^^^^^^^^^^^^^^^^^^^^^^^^^^^^^^^^^^^^^^^^^^^^^^^^^^^^^^^^^^^^^^^^^^^^^^^^^^^\n  File \"C:\\Users\\UK-PC\\Desktop\\AI driven cargo-wise automation framework\\venv\\Lib\\site-packages\\pymongo\\synchronous\\mongo_client.py\", line 1947, in _retry_with_session\n    return self._retry_internal(\n           ^^^^^^^^^^^^^^^^^^^^^\n  File \"C:\\Users\\UK-PC\\Desktop\\AI driven cargo-wise automation framework\\venv\\Lib\\site-packages\\pymongo\\_csot.py\", line 119, in csot_wrapper\n    return func(self, *args, **kwargs)\n           ^^^^^^^^^^^^^^^^^^^^^^^^^^^\n  File \"C:\\Users\\UK-PC\\Desktop\\AI driven cargo-wise automation framework\\venv\\Lib\\site-packages\\pymongo\\synchronous\\mongo_client.py\", line 1993, in _retry_internal\n    ).run()\n      ^^^^^\n  File \"C:\\Users\\UK-PC\\Desktop\\AI driven cargo-wise automation framework\\venv\\Lib\\site-packages\\pymongo\\synchronous\\mongo_client.py\", line 2730, in run\n    return self._read() if self._is_read else self._write()\n                                              ^^^^^^^^^^^^^\n  File \"C:\\Users\\UK-PC\\Desktop\\AI driven cargo-wise automation framework\\venv\\Lib\\site-packages\\pymongo\\synchronous\\mongo_client.py\", line 2840, in _write\n    self._server = self._get_server()\n                   ^^^^^^^^^^^^^^^^^^\n  File \"C:\\Users\\UK-PC\\Desktop\\AI driven cargo-wise automation framework\\venv\\Lib\\site-packages\\pymongo\\synchronous\\mongo_client.py\", line 2823, in _get_server\n    return self._client._select_server(\n           ^^^^^^^^^^^^^^^^^^^^^^^^^^^^\n  File \"C:\\Users\\UK-PC\\Desktop\\AI driven cargo-wise automation framework\\venv\\Lib\\site-packages\\pymongo\\synchronous\\mongo_client.py\", line 1799, in _select_server\n    topology = self._get_topology()\n               ^^^^^^^^^^^^^^^^^^^^\n  File \"C:\\Users\\UK-PC\\Desktop\\AI driven cargo-wise automation framework\\venv\\Lib\\site-packages\\pymongo\\synchronous\\mongo_client.py\", line 1737, in _get_topology\n    self._resolve_srv()\n  File \"C:\\Users\\UK-PC\\Desktop\\AI driven cargo-wise automation framework\\venv\\Lib\\site-packages\\pymongo\\synchronous\\mongo_client.py\", line 903, in _resolve_srv\n    res = uri_parser._parse_srv(\n          ^^^^^^^^^^^^^^^^^^^^^^\n  File \"C:\\Users\\UK-PC\\Desktop\\AI driven cargo-wise automation framework\\venv\\Lib\\site-packages\\pymongo\\synchronous\\uri_parser.py\", line 163, in _parse_srv\n    nodes = dns_resolver.get_hosts()\n            ^^^^^^^^^^^^^^^^^^^^^^^^\n  File \"C:\\Users\\UK-PC\\Desktop\\AI driven cargo-wise automation framework\\venv\\Lib\\site-packages\\pymongo\\synchronous\\srv_resolver.py\", line 157, in get_hosts\n    _, nodes = self._get_srv_response_and_hosts(True)\n               ^^^^^^^^^^^^^^^^^^^^^^^^^^^^^^^^^^^^^^\n  File \"C:\\Users\\UK-PC\\Desktop\\AI driven cargo-wise automation framework\\venv\\Lib\\site-packages\\pymongo\\synchronous\\srv_resolver.py\", line 131, in _get_srv_response_and_hosts\n    results = self._resolve_uri(encapsulate_errors)\n              ^^^^^^^^^^^^^^^^^^^^^^^^^^^^^^^^^^^^^\n  File \"C:\\Users\\UK-PC\\Desktop\\AI driven cargo-wise automation framework\\venv\\Lib\\site-packages\\pymongo\\synchronous\\srv_resolver.py\", line 125, in _resolve_uri\n    raise ConfigurationError(str(exc)) from None\npymongo.errors.ConfigurationError: The resolution lifetime expired after 21.170 seconds: Server Do53:10.213.37.41@53 answered The DNS operation timed out.; Server Do53:10.213.37.41@53 answered The DNS operation timed out.; Server Do53:10.213.37.41@53 answered The DNS operation timed out.; Server Do53:10.213.37.41@53 answered The DNS operation timed out.; Server Do53:10.213.37.41@53 answered The DNS operation timed out.; Server Do53:10.213.37.41@53 answered The DNS operation timed out.; Server Do53:10.213.37.41@53 answered The DNS operation timed out.\n", "module": "logging", "function": "log_to_db", "line": 171}
{"timestamp": "2025-08-15T11:57:56.965503", "level": "ERROR", "logger": "api", "message": "API request failed: POST /api/v1/auth/login - The resolution lifetime expired after 21.176 seconds: Server Do53:10.213.37.41@53 answered The DNS operation timed out.; Server Do53:10.213.37.41@53 answered The DNS operation timed out.; Server Do53:10.213.37.41@53 answered The DNS operation timed out.; Server Do53:10.213.37.41@53 answered The DNS operation timed out.; Server Do53:10.213.37.41@53 answered The DNS operation timed out.; Server Do53:10.213.37.41@53 answered The DNS operation timed out.; Server Do53:10.213.37.41@53 answered The DNS operation timed out.", "module": "logging", "function": "log_to_file", "line": 226, "source": "API", "request_id": "c38cec10-952b-4654-81df-6633e897bb15", "method": "POST", "path": "/api/v1/auth/login", "duration_ms": 21181, "error": "The resolution lifetime expired after 21.176 seconds: Server Do53:10.213.37.41@53 answered The DNS operation timed out.; Server Do53:10.213.37.41@53 answered The DNS operation timed out.; Server Do53:10.213.37.41@53 answered The DNS operation timed out.; Server Do53:10.213.37.41@53 answered The DNS operation timed out.; Server Do53:10.213.37.41@53 answered The DNS operation timed out.; Server Do53:10.213.37.41@53 answered The DNS operation timed out.; Server Do53:10.213.37.41@53 answered The DNS operation timed out."}
{"timestamp": "2025-08-15T11:58:00.694579", "level": "ERROR", "logger": "app.utils.logging", "message": "Error logging to database: The resolution lifetime expired after 21.172 seconds: Server Do53:10.213.37.41@53 answered The DNS operation timed out.; Server Do53:10.213.37.41@53 answered The DNS operation timed out.; Server Do53:10.213.37.41@53 answered The DNS operation timed out.; Server Do53:10.213.37.41@53 answered The DNS operation timed out.; Server Do53:10.213.37.41@53 answered The DNS operation timed out.; Server Do53:10.213.37.41@53 answered The DNS operation timed out.; Server Do53:10.213.37.41@53 answered The DNS operation timed out.", "module": "logging", "function": "log_to_db", "line": 168}
{"timestamp": "2025-08-15T11:58:00.699580", "level": "ERROR", "logger": "app.utils.logging", "message": "Traceback (most recent call last):\n  File \"C:\\Users\\UK-PC\\Desktop\\AI driven cargo-wise automation framework\\cargowise-ai-backend\\app\\utils\\logging.py\", line 166, in log_to_db\n    return await _log_repository.create_log(log_entry)\n           ^^^^^^^^^^^^^^^^^^^^^^^^^^^^^^^^^^^^^^^^^^^\n  File \"C:\\Users\\UK-PC\\Desktop\\AI driven cargo-wise automation framework\\cargowise-ai-backend\\app\\db\\repositories\\log_repository.py\", line 37, in create_log\n    return await self.create(log_entry)\n           ^^^^^^^^^^^^^^^^^^^^^^^^^^^^\n  File \"C:\\Users\\UK-PC\\Desktop\\AI driven cargo-wise automation framework\\cargowise-ai-backend\\app\\db\\repositories\\base_respository.py\", line 21, in create\n    await self.collection.insert_one(model_dict)\n  File \"C:\\Python311\\Lib\\concurrent\\futures\\thread.py\", line 58, in run\n    result = self.fn(*self.args, **self.kwargs)\n             ^^^^^^^^^^^^^^^^^^^^^^^^^^^^^^^^^^\n  File \"C:\\Users\\UK-PC\\Desktop\\AI driven cargo-wise automation framework\\venv\\Lib\\site-packages\\pymongo\\synchronous\\collection.py\", line 891, in insert_one\n    self._insert_one(\n  File \"C:\\Users\\UK-PC\\Desktop\\AI driven cargo-wise automation framework\\venv\\Lib\\site-packages\\pymongo\\synchronous\\collection.py\", line 831, in _insert_one\n    self._database.client._retryable_write(\n  File \"C:\\Users\\UK-PC\\Desktop\\AI driven cargo-wise automation framework\\venv\\Lib\\site-packages\\pymongo\\synchronous\\mongo_client.py\", line 2061, in _retryable_write\n    return self._retry_with_session(retryable, func, s, bulk, operation, operation_id)\n           ^^^^^^^^^^^^^^^^^^^^^^^^^^^^^^^^^^^^^^^^^^^^^^^^^^^^^^^^^^^^^^^^^^^^^^^^^^^\n  File \"C:\\Users\\UK-PC\\Desktop\\AI driven cargo-wise automation framework\\venv\\Lib\\site-packages\\pymongo\\synchronous\\mongo_client.py\", line 1947, in _retry_with_session\n    return self._retry_internal(\n           ^^^^^^^^^^^^^^^^^^^^^\n  File \"C:\\Users\\UK-PC\\Desktop\\AI driven cargo-wise automation framework\\venv\\Lib\\site-packages\\pymongo\\_csot.py\", line 119, in csot_wrapper\n    return func(self, *args, **kwargs)\n           ^^^^^^^^^^^^^^^^^^^^^^^^^^^\n  File \"C:\\Users\\UK-PC\\Desktop\\AI driven cargo-wise automation framework\\venv\\Lib\\site-packages\\pymongo\\synchronous\\mongo_client.py\", line 1993, in _retry_internal\n    ).run()\n      ^^^^^\n  File \"C:\\Users\\UK-PC\\Desktop\\AI driven cargo-wise automation framework\\venv\\Lib\\site-packages\\pymongo\\synchronous\\mongo_client.py\", line 2730, in run\n    return self._read() if self._is_read else self._write()\n                                              ^^^^^^^^^^^^^\n  File \"C:\\Users\\UK-PC\\Desktop\\AI driven cargo-wise automation framework\\venv\\Lib\\site-packages\\pymongo\\synchronous\\mongo_client.py\", line 2840, in _write\n    self._server = self._get_server()\n                   ^^^^^^^^^^^^^^^^^^\n  File \"C:\\Users\\UK-PC\\Desktop\\AI driven cargo-wise automation framework\\venv\\Lib\\site-packages\\pymongo\\synchronous\\mongo_client.py\", line 2823, in _get_server\n    return self._client._select_server(\n           ^^^^^^^^^^^^^^^^^^^^^^^^^^^^\n  File \"C:\\Users\\UK-PC\\Desktop\\AI driven cargo-wise automation framework\\venv\\Lib\\site-packages\\pymongo\\synchronous\\mongo_client.py\", line 1799, in _select_server\n    topology = self._get_topology()\n               ^^^^^^^^^^^^^^^^^^^^\n  File \"C:\\Users\\UK-PC\\Desktop\\AI driven cargo-wise automation framework\\venv\\Lib\\site-packages\\pymongo\\synchronous\\mongo_client.py\", line 1737, in _get_topology\n    self._resolve_srv()\n  File \"C:\\Users\\UK-PC\\Desktop\\AI driven cargo-wise automation framework\\venv\\Lib\\site-packages\\pymongo\\synchronous\\mongo_client.py\", line 903, in _resolve_srv\n    res = uri_parser._parse_srv(\n          ^^^^^^^^^^^^^^^^^^^^^^\n  File \"C:\\Users\\UK-PC\\Desktop\\AI driven cargo-wise automation framework\\venv\\Lib\\site-packages\\pymongo\\synchronous\\uri_parser.py\", line 163, in _parse_srv\n    nodes = dns_resolver.get_hosts()\n            ^^^^^^^^^^^^^^^^^^^^^^^^\n  File \"C:\\Users\\UK-PC\\Desktop\\AI driven cargo-wise automation framework\\venv\\Lib\\site-packages\\pymongo\\synchronous\\srv_resolver.py\", line 157, in get_hosts\n    _, nodes = self._get_srv_response_and_hosts(True)\n               ^^^^^^^^^^^^^^^^^^^^^^^^^^^^^^^^^^^^^^\n  File \"C:\\Users\\UK-PC\\Desktop\\AI driven cargo-wise automation framework\\venv\\Lib\\site-packages\\pymongo\\synchronous\\srv_resolver.py\", line 131, in _get_srv_response_and_hosts\n    results = self._resolve_uri(encapsulate_errors)\n              ^^^^^^^^^^^^^^^^^^^^^^^^^^^^^^^^^^^^^\n  File \"C:\\Users\\UK-PC\\Desktop\\AI driven cargo-wise automation framework\\venv\\Lib\\site-packages\\pymongo\\synchronous\\srv_resolver.py\", line 125, in _resolve_uri\n    raise ConfigurationError(str(exc)) from None\npymongo.errors.ConfigurationError: The resolution lifetime expired after 21.172 seconds: Server Do53:10.213.37.41@53 answered The DNS operation timed out.; Server Do53:10.213.37.41@53 answered The DNS operation timed out.; Server Do53:10.213.37.41@53 answered The DNS operation timed out.; Server Do53:10.213.37.41@53 answered The DNS operation timed out.; Server Do53:10.213.37.41@53 answered The DNS operation timed out.; Server Do53:10.213.37.41@53 answered The DNS operation timed out.; Server Do53:10.213.37.41@53 answered The DNS operation timed out.\n", "module": "logging", "function": "log_to_db", "line": 171}
{"timestamp": "2025-08-15T11:58:01.328187", "level": "ERROR", "logger": "app.utils.logging", "message": "Error logging to database: All nameservers failed to answer the query _mongodb._tcp.cluster0.pzstbpn.mongodb.net. IN SRV: Server Do53:10.213.37.41@53 answered The DNS operation timed out.; Server Do53:10.213.37.41@53 answered The DNS operation timed out.; Server Do53:10.213.37.41@53 answered REFUSED", "module": "logging", "function": "log_to_db", "line": 168}
{"timestamp": "2025-08-15T11:58:01.334185", "level": "ERROR", "logger": "app.utils.logging", "message": "Traceback (most recent call last):\n  File \"C:\\Users\\UK-PC\\Desktop\\AI driven cargo-wise automation framework\\cargowise-ai-backend\\app\\utils\\logging.py\", line 166, in log_to_db\n    return await _log_repository.create_log(log_entry)\n           ^^^^^^^^^^^^^^^^^^^^^^^^^^^^^^^^^^^^^^^^^^^\n  File \"C:\\Users\\UK-PC\\Desktop\\AI driven cargo-wise automation framework\\cargowise-ai-backend\\app\\db\\repositories\\log_repository.py\", line 37, in create_log\n    return await self.create(log_entry)\n           ^^^^^^^^^^^^^^^^^^^^^^^^^^^^\n  File \"C:\\Users\\UK-PC\\Desktop\\AI driven cargo-wise automation framework\\cargowise-ai-backend\\app\\db\\repositories\\base_respository.py\", line 21, in create\n    await self.collection.insert_one(model_dict)\n  File \"C:\\Python311\\Lib\\concurrent\\futures\\thread.py\", line 58, in run\n    result = self.fn(*self.args, **self.kwargs)\n             ^^^^^^^^^^^^^^^^^^^^^^^^^^^^^^^^^^\n  File \"C:\\Users\\UK-PC\\Desktop\\AI driven cargo-wise automation framework\\venv\\Lib\\site-packages\\pymongo\\synchronous\\collection.py\", line 891, in insert_one\n    self._insert_one(\n  File \"C:\\Users\\UK-PC\\Desktop\\AI driven cargo-wise automation framework\\venv\\Lib\\site-packages\\pymongo\\synchronous\\collection.py\", line 831, in _insert_one\n    self._database.client._retryable_write(\n  File \"C:\\Users\\UK-PC\\Desktop\\AI driven cargo-wise automation framework\\venv\\Lib\\site-packages\\pymongo\\synchronous\\mongo_client.py\", line 2061, in _retryable_write\n    return self._retry_with_session(retryable, func, s, bulk, operation, operation_id)\n           ^^^^^^^^^^^^^^^^^^^^^^^^^^^^^^^^^^^^^^^^^^^^^^^^^^^^^^^^^^^^^^^^^^^^^^^^^^^\n  File \"C:\\Users\\UK-PC\\Desktop\\AI driven cargo-wise automation framework\\venv\\Lib\\site-packages\\pymongo\\synchronous\\mongo_client.py\", line 1947, in _retry_with_session\n    return self._retry_internal(\n           ^^^^^^^^^^^^^^^^^^^^^\n  File \"C:\\Users\\UK-PC\\Desktop\\AI driven cargo-wise automation framework\\venv\\Lib\\site-packages\\pymongo\\_csot.py\", line 119, in csot_wrapper\n    return func(self, *args, **kwargs)\n           ^^^^^^^^^^^^^^^^^^^^^^^^^^^\n  File \"C:\\Users\\UK-PC\\Desktop\\AI driven cargo-wise automation framework\\venv\\Lib\\site-packages\\pymongo\\synchronous\\mongo_client.py\", line 1993, in _retry_internal\n    ).run()\n      ^^^^^\n  File \"C:\\Users\\UK-PC\\Desktop\\AI driven cargo-wise automation framework\\venv\\Lib\\site-packages\\pymongo\\synchronous\\mongo_client.py\", line 2730, in run\n    return self._read() if self._is_read else self._write()\n                                              ^^^^^^^^^^^^^\n  File \"C:\\Users\\UK-PC\\Desktop\\AI driven cargo-wise automation framework\\venv\\Lib\\site-packages\\pymongo\\synchronous\\mongo_client.py\", line 2840, in _write\n    self._server = self._get_server()\n                   ^^^^^^^^^^^^^^^^^^\n  File \"C:\\Users\\UK-PC\\Desktop\\AI driven cargo-wise automation framework\\venv\\Lib\\site-packages\\pymongo\\synchronous\\mongo_client.py\", line 2823, in _get_server\n    return self._client._select_server(\n           ^^^^^^^^^^^^^^^^^^^^^^^^^^^^\n  File \"C:\\Users\\UK-PC\\Desktop\\AI driven cargo-wise automation framework\\venv\\Lib\\site-packages\\pymongo\\synchronous\\mongo_client.py\", line 1799, in _select_server\n    topology = self._get_topology()\n               ^^^^^^^^^^^^^^^^^^^^\n  File \"C:\\Users\\UK-PC\\Desktop\\AI driven cargo-wise automation framework\\venv\\Lib\\site-packages\\pymongo\\synchronous\\mongo_client.py\", line 1737, in _get_topology\n    self._resolve_srv()\n  File \"C:\\Users\\UK-PC\\Desktop\\AI driven cargo-wise automation framework\\venv\\Lib\\site-packages\\pymongo\\synchronous\\mongo_client.py\", line 903, in _resolve_srv\n    res = uri_parser._parse_srv(\n          ^^^^^^^^^^^^^^^^^^^^^^\n  File \"C:\\Users\\UK-PC\\Desktop\\AI driven cargo-wise automation framework\\venv\\Lib\\site-packages\\pymongo\\synchronous\\uri_parser.py\", line 163, in _parse_srv\n    nodes = dns_resolver.get_hosts()\n            ^^^^^^^^^^^^^^^^^^^^^^^^\n  File \"C:\\Users\\UK-PC\\Desktop\\AI driven cargo-wise automation framework\\venv\\Lib\\site-packages\\pymongo\\synchronous\\srv_resolver.py\", line 157, in get_hosts\n    _, nodes = self._get_srv_response_and_hosts(True)\n               ^^^^^^^^^^^^^^^^^^^^^^^^^^^^^^^^^^^^^^\n  File \"C:\\Users\\UK-PC\\Desktop\\AI driven cargo-wise automation framework\\venv\\Lib\\site-packages\\pymongo\\synchronous\\srv_resolver.py\", line 131, in _get_srv_response_and_hosts\n    results = self._resolve_uri(encapsulate_errors)\n              ^^^^^^^^^^^^^^^^^^^^^^^^^^^^^^^^^^^^^\n  File \"C:\\Users\\UK-PC\\Desktop\\AI driven cargo-wise automation framework\\venv\\Lib\\site-packages\\pymongo\\synchronous\\srv_resolver.py\", line 125, in _resolve_uri\n    raise ConfigurationError(str(exc)) from None\npymongo.errors.ConfigurationError: All nameservers failed to answer the query _mongodb._tcp.cluster0.pzstbpn.mongodb.net. IN SRV: Server Do53:10.213.37.41@53 answered The DNS operation timed out.; Server Do53:10.213.37.41@53 answered The DNS operation timed out.; Server Do53:10.213.37.41@53 answered REFUSED\n", "module": "logging", "function": "log_to_db", "line": 171}
{"timestamp": "2025-08-15T11:58:02.257700", "level": "ERROR", "logger": "api", "message": "API request failed: POST /api/v1/auth/login - The resolution lifetime expired after 21.183 seconds: Server Do53:10.213.37.41@53 answered The DNS operation timed out.; Server Do53:10.213.37.41@53 answered The DNS operation timed out.; Server Do53:10.213.37.41@53 answered The DNS operation timed out.; Server Do53:10.213.37.41@53 answered The DNS operation timed out.; Server Do53:10.213.37.41@53 answered The DNS operation timed out.; Server Do53:10.213.37.41@53 answered The DNS operation timed out.; Server Do53:10.213.37.41@53 answered The DNS operation timed out.", "module": "logging", "function": "log_to_file", "line": 226, "source": "API", "request_id": "ed89bef8-a408-4731-9491-57a453f84e4b", "method": "POST", "path": "/api/v1/auth/login", "duration_ms": 21195, "error": "The resolution lifetime expired after 21.183 seconds: Server Do53:10.213.37.41@53 answered The DNS operation timed out.; Server Do53:10.213.37.41@53 answered The DNS operation timed out.; Server Do53:10.213.37.41@53 answered The DNS operation timed out.; Server Do53:10.213.37.41@53 answered The DNS operation timed out.; Server Do53:10.213.37.41@53 answered The DNS operation timed out.; Server Do53:10.213.37.41@53 answered The DNS operation timed out.; Server Do53:10.213.37.41@53 answered The DNS operation timed out."}
{"timestamp": "2025-08-15T11:58:02.402699", "level": "ERROR", "logger": "app.utils.logging", "message": "Error logging to database: All nameservers failed to answer the query _mongodb._tcp.cluster0.pzstbpn.mongodb.net. IN SRV: Server Do53:10.213.37.41@53 answered REFUSED", "module": "logging", "function": "log_to_db", "line": 168}
{"timestamp": "2025-08-15T11:58:02.534716", "level": "ERROR", "logger": "app.utils.logging", "message": "Traceback (most recent call last):\n  File \"C:\\Users\\UK-PC\\Desktop\\AI driven cargo-wise automation framework\\cargowise-ai-backend\\app\\utils\\logging.py\", line 166, in log_to_db\n    return await _log_repository.create_log(log_entry)\n           ^^^^^^^^^^^^^^^^^^^^^^^^^^^^^^^^^^^^^^^^^^^\n  File \"C:\\Users\\UK-PC\\Desktop\\AI driven cargo-wise automation framework\\cargowise-ai-backend\\app\\db\\repositories\\log_repository.py\", line 37, in create_log\n    return await self.create(log_entry)\n           ^^^^^^^^^^^^^^^^^^^^^^^^^^^^\n  File \"C:\\Users\\UK-PC\\Desktop\\AI driven cargo-wise automation framework\\cargowise-ai-backend\\app\\db\\repositories\\base_respository.py\", line 21, in create\n    await self.collection.insert_one(model_dict)\n  File \"C:\\Python311\\Lib\\concurrent\\futures\\thread.py\", line 58, in run\n    result = self.fn(*self.args, **self.kwargs)\n             ^^^^^^^^^^^^^^^^^^^^^^^^^^^^^^^^^^\n  File \"C:\\Users\\UK-PC\\Desktop\\AI driven cargo-wise automation framework\\venv\\Lib\\site-packages\\pymongo\\synchronous\\collection.py\", line 891, in insert_one\n    self._insert_one(\n  File \"C:\\Users\\UK-PC\\Desktop\\AI driven cargo-wise automation framework\\venv\\Lib\\site-packages\\pymongo\\synchronous\\collection.py\", line 831, in _insert_one\n    self._database.client._retryable_write(\n  File \"C:\\Users\\UK-PC\\Desktop\\AI driven cargo-wise automation framework\\venv\\Lib\\site-packages\\pymongo\\synchronous\\mongo_client.py\", line 2061, in _retryable_write\n    return self._retry_with_session(retryable, func, s, bulk, operation, operation_id)\n           ^^^^^^^^^^^^^^^^^^^^^^^^^^^^^^^^^^^^^^^^^^^^^^^^^^^^^^^^^^^^^^^^^^^^^^^^^^^\n  File \"C:\\Users\\UK-PC\\Desktop\\AI driven cargo-wise automation framework\\venv\\Lib\\site-packages\\pymongo\\synchronous\\mongo_client.py\", line 1947, in _retry_with_session\n    return self._retry_internal(\n           ^^^^^^^^^^^^^^^^^^^^^\n  File \"C:\\Users\\UK-PC\\Desktop\\AI driven cargo-wise automation framework\\venv\\Lib\\site-packages\\pymongo\\_csot.py\", line 119, in csot_wrapper\n    return func(self, *args, **kwargs)\n           ^^^^^^^^^^^^^^^^^^^^^^^^^^^\n  File \"C:\\Users\\UK-PC\\Desktop\\AI driven cargo-wise automation framework\\venv\\Lib\\site-packages\\pymongo\\synchronous\\mongo_client.py\", line 1993, in _retry_internal\n    ).run()\n      ^^^^^\n  File \"C:\\Users\\UK-PC\\Desktop\\AI driven cargo-wise automation framework\\venv\\Lib\\site-packages\\pymongo\\synchronous\\mongo_client.py\", line 2730, in run\n    return self._read() if self._is_read else self._write()\n                                              ^^^^^^^^^^^^^\n  File \"C:\\Users\\UK-PC\\Desktop\\AI driven cargo-wise automation framework\\venv\\Lib\\site-packages\\pymongo\\synchronous\\mongo_client.py\", line 2840, in _write\n    self._server = self._get_server()\n                   ^^^^^^^^^^^^^^^^^^\n  File \"C:\\Users\\UK-PC\\Desktop\\AI driven cargo-wise automation framework\\venv\\Lib\\site-packages\\pymongo\\synchronous\\mongo_client.py\", line 2823, in _get_server\n    return self._client._select_server(\n           ^^^^^^^^^^^^^^^^^^^^^^^^^^^^\n  File \"C:\\Users\\UK-PC\\Desktop\\AI driven cargo-wise automation framework\\venv\\Lib\\site-packages\\pymongo\\synchronous\\mongo_client.py\", line 1799, in _select_server\n    topology = self._get_topology()\n               ^^^^^^^^^^^^^^^^^^^^\n  File \"C:\\Users\\UK-PC\\Desktop\\AI driven cargo-wise automation framework\\venv\\Lib\\site-packages\\pymongo\\synchronous\\mongo_client.py\", line 1737, in _get_topology\n    self._resolve_srv()\n  File \"C:\\Users\\UK-PC\\Desktop\\AI driven cargo-wise automation framework\\venv\\Lib\\site-packages\\pymongo\\synchronous\\mongo_client.py\", line 903, in _resolve_srv\n    res = uri_parser._parse_srv(\n          ^^^^^^^^^^^^^^^^^^^^^^\n  File \"C:\\Users\\UK-PC\\Desktop\\AI driven cargo-wise automation framework\\venv\\Lib\\site-packages\\pymongo\\synchronous\\uri_parser.py\", line 163, in _parse_srv\n    nodes = dns_resolver.get_hosts()\n            ^^^^^^^^^^^^^^^^^^^^^^^^\n  File \"C:\\Users\\UK-PC\\Desktop\\AI driven cargo-wise automation framework\\venv\\Lib\\site-packages\\pymongo\\synchronous\\srv_resolver.py\", line 157, in get_hosts\n    _, nodes = self._get_srv_response_and_hosts(True)\n               ^^^^^^^^^^^^^^^^^^^^^^^^^^^^^^^^^^^^^^\n  File \"C:\\Users\\UK-PC\\Desktop\\AI driven cargo-wise automation framework\\venv\\Lib\\site-packages\\pymongo\\synchronous\\srv_resolver.py\", line 131, in _get_srv_response_and_hosts\n    results = self._resolve_uri(encapsulate_errors)\n              ^^^^^^^^^^^^^^^^^^^^^^^^^^^^^^^^^^^^^\n  File \"C:\\Users\\UK-PC\\Desktop\\AI driven cargo-wise automation framework\\venv\\Lib\\site-packages\\pymongo\\synchronous\\srv_resolver.py\", line 125, in _resolve_uri\n    raise ConfigurationError(str(exc)) from None\npymongo.errors.ConfigurationError: All nameservers failed to answer the query _mongodb._tcp.cluster0.pzstbpn.mongodb.net. IN SRV: Server Do53:10.213.37.41@53 answered REFUSED\n", "module": "logging", "function": "log_to_db", "line": 171}
{"timestamp": "2025-08-15T11:58:26.608885", "level": "ERROR", "logger": "api", "message": "API request failed: POST /api/v1/auth/login - The resolution lifetime expired after 21.177 seconds: Server Do53:10.213.37.41@53 answered The DNS operation timed out.; Server Do53:10.213.37.41@53 answered The DNS operation timed out.; Server Do53:10.213.37.41@53 answered The DNS operation timed out.; Server Do53:10.213.37.41@53 answered The DNS operation timed out.; Server Do53:10.213.37.41@53 answered The DNS operation timed out.; Server Do53:10.213.37.41@53 answered The DNS operation timed out.; Server Do53:10.213.37.41@53 answered The DNS operation timed out.", "module": "logging", "function": "log_to_file", "line": 226, "source": "API", "request_id": "60faadaa-6630-4820-9e8a-d316e921c82f", "method": "POST", "path": "/api/v1/auth/login", "duration_ms": 21182, "error": "The resolution lifetime expired after 21.177 seconds: Server Do53:10.213.37.41@53 answered The DNS operation timed out.; Server Do53:10.213.37.41@53 answered The DNS operation timed out.; Server Do53:10.213.37.41@53 answered The DNS operation timed out.; Server Do53:10.213.37.41@53 answered The DNS operation timed out.; Server Do53:10.213.37.41@53 answered The DNS operation timed out.; Server Do53:10.213.37.41@53 answered The DNS operation timed out.; Server Do53:10.213.37.41@53 answered The DNS operation timed out."}
{"timestamp": "2025-08-15T12:00:10.283999", "level": "ERROR", "logger": "api", "message": "API request failed: GET /api/v1/dashboard/stats - ac-5fpoc0d-shard-00-02.pzstbpn.mongodb.net:27017: timed out (configured timeouts: connectTimeoutMS: 20000.0ms)", "module": "logging", "function": "log_to_file", "line": 226, "source": "API", "request_id": "be3ed0b5-1e70-40d1-8eb1-8bb559f7d7a4", "method": "GET", "path": "/api/v1/dashboard/stats", "duration_ms": 39821, "error": "ac-5fpoc0d-shard-00-02.pzstbpn.mongodb.net:27017: timed out (configured timeouts: connectTimeoutMS: 20000.0ms)"}
{"timestamp": "2025-08-15T12:00:24.477048", "level": "ERROR", "logger": "api", "message": "API request failed: GET /api/v1/dashboard/stats - ac-5fpoc0d-shard-00-02.pzstbpn.mongodb.net:27017: timed out (configured timeouts: connectTimeoutMS: 20000.0ms)", "module": "logging", "function": "log_to_file", "line": 226, "source": "API", "request_id": "e9af75c5-f960-4827-a783-73429a09b2e4", "method": "GET", "path": "/api/v1/dashboard/stats", "duration_ms": 33980, "error": "ac-5fpoc0d-shard-00-02.pzstbpn.mongodb.net:27017: timed out (configured timeouts: connectTimeoutMS: 20000.0ms)"}
{"timestamp": "2025-08-15T12:01:35.796864", "level": "ERROR", "logger": "app.automation.robot.robot_driver", "message": "Robot Framework not found. Please install with: pip install robotframework", "module": "robot_driver", "function": "_verify_environment", "line": 59}
{"timestamp": "2025-08-15T12:01:35.798860", "level": "ERROR", "logger": "app.automation.robot.robot_driver", "message": "Error: ", "module": "robot_driver", "function": "_verify_environment", "line": 60}
{"timestamp": "2025-08-15T12:04:00.028776", "level": "ERROR", "logger": "app.automation.robot.robot_driver", "message": "Robot Framework not found. Please install with: pip install robotframework", "module": "robot_driver", "function": "_verify_environment", "line": 59}
{"timestamp": "2025-08-15T12:04:00.031773", "level": "ERROR", "logger": "app.automation.robot.robot_driver", "message": "Error: ", "module": "robot_driver", "function": "_verify_environment", "line": 60}
{"timestamp": "2025-08-15T12:11:49.011307", "level": "ERROR", "logger": "app.automation.robot.robot_driver", "message": "Robot command timed out after 300 seconds", "module": "robot_driver", "function": "_run_robot_command_with_timeout", "line": 215}
{"timestamp": "2025-08-15T12:11:49.260892", "level": "ERROR", "logger": "app.automation.robot.robot_driver", "message": "Robot execution failed: Command timed out after 300 seconds", "module": "robot_driver", "function": "execute_robot_script", "line": 569}
{"timestamp": "2025-08-15T12:11:57.796610", "level": "ERROR", "logger": "app.api.v1.task", "message": "Error during cleanup for resumed task 1ffd7bf0-a14a-43f8-aeb5-ce7206a4bd6f: object NoneType can't be used in 'await' expression", "module": "task", "function": "resume_task_background", "line": 1033}
{"timestamp": "2025-08-15T12:11:57.810594", "level": "ERROR", "logger": "task", "message": "Task 1ffd7bf0-a14a-43f8-aeb5-ce7206a4bd6f: Cleanup failed: object NoneType can't be used in 'await' expression", "module": "logging", "function": "log_to_file", "line": 226, "task_id": "1ffd7bf0-a14a-43f8-aeb5-ce7206a4bd6f", "source": "TASK"}
{"timestamp": "2025-08-15T12:18:09.932256", "level": "ERROR", "logger": "api", "message": "API request failed: GET /api/v1/dashboard/stats - ac-5fpoc0d-shard-00-02.pzstbpn.mongodb.net:27017: timed out (configured timeouts: connectTimeoutMS: 20000.0ms)", "module": "logging", "function": "log_to_file", "line": 226, "source": "API", "request_id": "790db342-4431-4ad2-8533-d1e0c3f316e5", "method": "GET", "path": "/api/v1/dashboard/stats", "duration_ms": 31582, "error": "ac-5fpoc0d-shard-00-02.pzstbpn.mongodb.net:27017: timed out (configured timeouts: connectTimeoutMS: 20000.0ms)"}
{"timestamp": "2025-08-15T12:18:10.870285", "level": "ERROR", "logger": "api", "message": "API request failed: GET /api/v1/dashboard/stats - ac-5fpoc0d-shard-00-02.pzstbpn.mongodb.net:27017: timed out (configured timeouts: connectTimeoutMS: 20000.0ms)", "module": "logging", "function": "log_to_file", "line": 226, "source": "API", "request_id": "66ffe2fa-7b89-4c5c-914c-08b8677aacf9", "method": "GET", "path": "/api/v1/dashboard/stats", "duration_ms": 12521, "error": "ac-5fpoc0d-shard-00-02.pzstbpn.mongodb.net:27017: timed out (configured timeouts: connectTimeoutMS: 20000.0ms)"}
{"timestamp": "2025-08-15T12:19:01.257897", "level": "ERROR", "logger": "app.automation.robot.robot_driver", "message": "Robot Framework not found. Please install with: pip install robotframework", "module": "robot_driver", "function": "_verify_environment", "line": 59}
{"timestamp": "2025-08-15T12:19:01.260797", "level": "ERROR", "logger": "app.automation.robot.robot_driver", "message": "Error: ", "module": "robot_driver", "function": "_verify_environment", "line": 60}
{"timestamp": "2025-08-15T12:22:30.845331", "level": "ERROR", "logger": "app.api.v1.task", "message": "Task resumption was canceled for task ed70bd31-6011-4887-8e22-3a3764e035f7", "module": "task", "function": "resume_task_background", "line": 988}
{"timestamp": "2025-08-15T12:22:33.426721", "level": "ERROR", "logger": "app.automation.robot.robot_driver", "message": "Robot command failed with return code 1", "module": "robot_driver", "function": "_run_robot_command_with_timeout", "line": 229}
{"timestamp": "2025-08-15T12:22:33.430735", "level": "ERROR", "logger": "app.automation.robot.robot_driver", "message": "STDOUT: ==============================================================================\nTmp702Cv3G4                                                                   \n==============================================================================\nExecute Sikuli Task :: Execute Sikuli automation task                 Starting Sikuli Process...\nAdding image path: C:\\Users\\UK-PC\\Desktop\\AI driven cargo-wise automation framework\\cargowise-ai-backend\\cargowise_images\nLaunching application: C:\\Program Files (x86)\\WiseTech Global\\WiseCloud Client\\WiseCloudClient.exe\nApplication launch initiated at 2025-08-15 12:19:18.797\nApplication should be started now\n.Task execution started at 2025-08-15 12:19:33.816\nRunning keyword with timeout: Run Sikuli Task (295s)\nExecuting Sikuli task...\nTask started at 2025-08-15 12:19:33.839\nStep 1: Click\nScreenshot saved: C:\\Users\\UK-PC\\Desktop\\AI driven cargo-wise automation framework\\cargowise-ai-backend\\screenshots\\ed70bd31-6011-4887-8e22-3a3764e035f7/step_1_20250815_121936.png\nStep 1 completed in 2.523s\nStep 2: Input TextScreenshot saved: C:\\Users\\UK-PC\\Desktop\\AI driven cargo-wise automation framework\\cargowise-ai-backend\\screenshots\\ed70bd31-6011-4887-8e22-3a3764e035f7/step_2_20250815_121939.png\nStep 2 completed in 2.771s\nStep 3: Click\nScreenshot saved: C:\\Users\\UK-PC\\Desktop\\AI driven cargo-wise automation framework\\cargowise-ai-backend\\screenshots\\ed70bd31-6011-4887-8e22-3a3764e035f7/step_3_20250815_121942.png\nStep 3 completed in 1.56s\nStep 4: Double Click\nScreenshot saved: C:\\Users\\UK-PC\\Desktop\\AI driven cargo-wise automation framework\\cargowise-ai-backend\\screenshots\\ed70bd31-6011-4887-8e22-3a3764e035f7/step_4_20250815_121954.png\nStep 4 completed in 1.526s\nStep 5: Click\nExecuting Sikuli task...\nTask started at 2025-08-15 12:20:58.791\nStep 1: Click\nExecuting Sikuli task...\nTask started at 2025-08-15 12:21:03.456\nStep 1: Click\nExecuting Sikuli task...\nTask started at 2025-08-15 12:21:07.743\nStep 1: Click\nExecuting Sikuli task...\nTask started at 2025-08-15 12:21:11.944\nStep 1: Click\nExecuting Sikuli task...\nTask started at 2025-08-15 12:21:16.351\nStep 1: Click\nExecuting Sikuli task...\nTask started at 2025-08-15 12:21:20.941\nStep 1: Click\nExecuting Sikuli task...\nTask started at 2025-08-15 12:21:25.369\nStep 1: Click\nExecuting Sikuli task...\nTask started at 2025-08-15 12:21:29.732\nStep 1: Click\nExecuting Sikuli task...\nTask started at 2025-08-15 12:21:34.302\nStep 1: Click\nExecuting Sikuli task...\nTask started at 2025-08-15 12:21:38.621\nStep 1: Click\nExecuting Sikuli task...\nTask started at 2025-08-15 12:21:42.956\nStep 1: Click\nExecuting Sikuli task...\nTask started at 2025-08-15 12:21:47.347\nStep 1: Click\nExecuting Sikuli task...\nTask started at 2025-08-15 12:21:51.694\nStep 1: Click\nExecuting Sikuli task...\nTask started at 2025-08-15 12:21:56.186\nStep 1: Click\nExecuting Sikuli task...\nTask started at 2025-08-15 12:22:00.486\nStep 1: Click\nExecuting Sikuli task...\nTask started at 2025-08-15 12:22:04.786\nStep 1: Click\nExecuting Sikuli task...\nTask started at 2025-08-15 12:22:09.295\nStep 1: Click\nExecuting Sikuli task...\nTask started at 2025-08-15 12:22:13.601\nStep 1: Click\nExecuting Sikuli task...\nTask started at 2025-08-15 12:22:18.175\nStep 1: Click\nExecuting Sikuli task...\nTask started at 2025-08-15 12:22:22.571\nStep 1: Click\nExecuting Sikuli task...\nTask started at 2025-08-15 12:22:27.086\nStep 1: Click\nFStopping Sikuli Process...\n.\n                                                                              \nExecute Sikuli Task :: Execute Sikuli automation task                 | FAIL |\nExecution terminated by signal\n------------------------------------------------------------------------------\nTmp702Cv3G4                                                           | FAIL |\n1 test, 0 passed, 1 failed\n==============================================================================\nOutput:  C:\\Users\\UK-PC\\AppData\\Local\\Temp\\tmpzh46bkx5\\output.xml\nLog:     C:\\Users\\UK-PC\\AppData\\Local\\Temp\\tmpzh46bkx5\\log.html\n", "module": "robot_driver", "function": "_run_robot_command_with_timeout", "line": 230}
{"timestamp": "2025-08-15T12:22:33.654721", "level": "ERROR", "logger": "app.automation.robot.robot_driver", "message": "STDERR: Second signal will force exit.\n", "module": "robot_driver", "function": "_run_robot_command_with_timeout", "line": 231}
{"timestamp": "2025-08-15T12:22:36.475159", "level": "ERROR", "logger": "app.api.v1.task", "message": "Error during cleanup for resumed task ed70bd31-6011-4887-8e22-3a3764e035f7: object NoneType can't be used in 'await' expression", "module": "task", "function": "resume_task_background", "line": 1033}
{"timestamp": "2025-08-15T12:22:36.591048", "level": "ERROR", "logger": "task", "message": "Task ed70bd31-6011-4887-8e22-3a3764e035f7: Cleanup failed: object NoneType can't be used in 'await' expression", "module": "logging", "function": "log_to_file", "line": 226, "task_id": "ed70bd31-6011-4887-8e22-3a3764e035f7", "source": "TASK"}
{"timestamp": "2025-08-15T12:22:36.611057", "level": "ERROR", "logger": "app.utils.logging", "message": "Error logging to database: Cannot use MongoClient after close", "module": "logging", "function": "log_to_db", "line": 168}
{"timestamp": "2025-08-15T12:22:36.691660", "level": "ERROR", "logger": "app.utils.logging", "message": "Traceback (most recent call last):\n  File \"C:\\Users\\UK-PC\\Desktop\\AI driven cargo-wise automation framework\\cargowise-ai-backend\\app\\utils\\logging.py\", line 166, in log_to_db\n    return await _log_repository.create_log(log_entry)\n           ^^^^^^^^^^^^^^^^^^^^^^^^^^^^^^^^^^^^^^^^^^^\n  File \"C:\\Users\\UK-PC\\Desktop\\AI driven cargo-wise automation framework\\cargowise-ai-backend\\app\\db\\repositories\\log_repository.py\", line 37, in create_log\n    return await self.create(log_entry)\n           ^^^^^^^^^^^^^^^^^^^^^^^^^^^^\n  File \"C:\\Users\\UK-PC\\Desktop\\AI driven cargo-wise automation framework\\cargowise-ai-backend\\app\\db\\repositories\\base_respository.py\", line 21, in create\n    await self.collection.insert_one(model_dict)\n  File \"C:\\Python311\\Lib\\concurrent\\futures\\thread.py\", line 58, in run\n    result = self.fn(*self.args, **self.kwargs)\n             ^^^^^^^^^^^^^^^^^^^^^^^^^^^^^^^^^^\n  File \"C:\\Users\\UK-PC\\Desktop\\AI driven cargo-wise automation framework\\venv\\Lib\\site-packages\\pymongo\\synchronous\\collection.py\", line 891, in insert_one\n    self._insert_one(\n  File \"C:\\Users\\UK-PC\\Desktop\\AI driven cargo-wise automation framework\\venv\\Lib\\site-packages\\pymongo\\synchronous\\collection.py\", line 831, in _insert_one\n    self._database.client._retryable_write(\n  File \"C:\\Users\\UK-PC\\Desktop\\AI driven cargo-wise automation framework\\venv\\Lib\\site-packages\\pymongo\\synchronous\\mongo_client.py\", line 2061, in _retryable_write\n    return self._retry_with_session(retryable, func, s, bulk, operation, operation_id)\n           ^^^^^^^^^^^^^^^^^^^^^^^^^^^^^^^^^^^^^^^^^^^^^^^^^^^^^^^^^^^^^^^^^^^^^^^^^^^\n  File \"C:\\Users\\UK-PC\\Desktop\\AI driven cargo-wise automation framework\\venv\\Lib\\site-packages\\pymongo\\synchronous\\mongo_client.py\", line 1947, in _retry_with_session\n    return self._retry_internal(\n           ^^^^^^^^^^^^^^^^^^^^^\n  File \"C:\\Users\\UK-PC\\Desktop\\AI driven cargo-wise automation framework\\venv\\Lib\\site-packages\\pymongo\\_csot.py\", line 119, in csot_wrapper\n    return func(self, *args, **kwargs)\n           ^^^^^^^^^^^^^^^^^^^^^^^^^^^\n  File \"C:\\Users\\UK-PC\\Desktop\\AI driven cargo-wise automation framework\\venv\\Lib\\site-packages\\pymongo\\synchronous\\mongo_client.py\", line 1993, in _retry_internal\n    ).run()\n      ^^^^^\n  File \"C:\\Users\\UK-PC\\Desktop\\AI driven cargo-wise automation framework\\venv\\Lib\\site-packages\\pymongo\\synchronous\\mongo_client.py\", line 2730, in run\n    return self._read() if self._is_read else self._write()\n                                              ^^^^^^^^^^^^^\n  File \"C:\\Users\\UK-PC\\Desktop\\AI driven cargo-wise automation framework\\venv\\Lib\\site-packages\\pymongo\\synchronous\\mongo_client.py\", line 2840, in _write\n    self._server = self._get_server()\n                   ^^^^^^^^^^^^^^^^^^\n  File \"C:\\Users\\UK-PC\\Desktop\\AI driven cargo-wise automation framework\\venv\\Lib\\site-packages\\pymongo\\synchronous\\mongo_client.py\", line 2823, in _get_server\n    return self._client._select_server(\n           ^^^^^^^^^^^^^^^^^^^^^^^^^^^^\n  File \"C:\\Users\\UK-PC\\Desktop\\AI driven cargo-wise automation framework\\venv\\Lib\\site-packages\\pymongo\\synchronous\\mongo_client.py\", line 1812, in _select_server\n    server = topology.select_server(\n             ^^^^^^^^^^^^^^^^^^^^^^^\n  File \"C:\\Users\\UK-PC\\Desktop\\AI driven cargo-wise automation framework\\venv\\Lib\\site-packages\\pymongo\\synchronous\\topology.py\", line 409, in select_server\n    server = self._select_server(\n             ^^^^^^^^^^^^^^^^^^^^\n  File \"C:\\Users\\UK-PC\\Desktop\\AI driven cargo-wise automation framework\\venv\\Lib\\site-packages\\pymongo\\synchronous\\topology.py\", line 387, in _select_server\n    servers = self.select_servers(\n              ^^^^^^^^^^^^^^^^^^^^\n  File \"C:\\Users\\UK-PC\\Desktop\\AI driven cargo-wise automation framework\\venv\\Lib\\site-packages\\pymongo\\synchronous\\topology.py\", line 294, in select_servers\n    server_descriptions = self._select_servers_loop(\n                          ^^^^^^^^^^^^^^^^^^^^^^^^^^\n  File \"C:\\Users\\UK-PC\\Desktop\\AI driven cargo-wise automation framework\\venv\\Lib\\site-packages\\pymongo\\synchronous\\topology.py\", line 361, in _select_servers_loop\n    self._ensure_opened()\n  File \"C:\\Users\\UK-PC\\Desktop\\AI driven cargo-wise automation framework\\venv\\Lib\\site-packages\\pymongo\\synchronous\\topology.py\", line 789, in _ensure_opened\n    raise InvalidOperation(\"Cannot use MongoClient after close\")\npymongo.errors.InvalidOperation: Cannot use MongoClient after close\n", "module": "logging", "function": "log_to_db", "line": 171}
{"timestamp": "2025-08-15T12:22:36.943004", "level": "ERROR", "logger": "app.utils.logging", "message": "Error logging to database: Cannot use MongoClient after close", "module": "logging", "function": "log_to_db", "line": 168}
{"timestamp": "2025-08-15T12:22:37.034012", "level": "ERROR", "logger": "app.utils.logging", "message": "Traceback (most recent call last):\n  File \"C:\\Users\\UK-PC\\Desktop\\AI driven cargo-wise automation framework\\cargowise-ai-backend\\app\\utils\\logging.py\", line 166, in log_to_db\n    return await _log_repository.create_log(log_entry)\n           ^^^^^^^^^^^^^^^^^^^^^^^^^^^^^^^^^^^^^^^^^^^\n  File \"C:\\Users\\UK-PC\\Desktop\\AI driven cargo-wise automation framework\\cargowise-ai-backend\\app\\db\\repositories\\log_repository.py\", line 37, in create_log\n    return await self.create(log_entry)\n           ^^^^^^^^^^^^^^^^^^^^^^^^^^^^\n  File \"C:\\Users\\UK-PC\\Desktop\\AI driven cargo-wise automation framework\\cargowise-ai-backend\\app\\db\\repositories\\base_respository.py\", line 21, in create\n    await self.collection.insert_one(model_dict)\n  File \"C:\\Python311\\Lib\\concurrent\\futures\\thread.py\", line 58, in run\n    result = self.fn(*self.args, **self.kwargs)\n             ^^^^^^^^^^^^^^^^^^^^^^^^^^^^^^^^^^\n  File \"C:\\Users\\UK-PC\\Desktop\\AI driven cargo-wise automation framework\\venv\\Lib\\site-packages\\pymongo\\synchronous\\collection.py\", line 891, in insert_one\n    self._insert_one(\n  File \"C:\\Users\\UK-PC\\Desktop\\AI driven cargo-wise automation framework\\venv\\Lib\\site-packages\\pymongo\\synchronous\\collection.py\", line 831, in _insert_one\n    self._database.client._retryable_write(\n  File \"C:\\Users\\UK-PC\\Desktop\\AI driven cargo-wise automation framework\\venv\\Lib\\site-packages\\pymongo\\synchronous\\mongo_client.py\", line 2061, in _retryable_write\n    return self._retry_with_session(retryable, func, s, bulk, operation, operation_id)\n           ^^^^^^^^^^^^^^^^^^^^^^^^^^^^^^^^^^^^^^^^^^^^^^^^^^^^^^^^^^^^^^^^^^^^^^^^^^^\n  File \"C:\\Users\\UK-PC\\Desktop\\AI driven cargo-wise automation framework\\venv\\Lib\\site-packages\\pymongo\\synchronous\\mongo_client.py\", line 1947, in _retry_with_session\n    return self._retry_internal(\n           ^^^^^^^^^^^^^^^^^^^^^\n  File \"C:\\Users\\UK-PC\\Desktop\\AI driven cargo-wise automation framework\\venv\\Lib\\site-packages\\pymongo\\_csot.py\", line 119, in csot_wrapper\n    return func(self, *args, **kwargs)\n           ^^^^^^^^^^^^^^^^^^^^^^^^^^^\n  File \"C:\\Users\\UK-PC\\Desktop\\AI driven cargo-wise automation framework\\venv\\Lib\\site-packages\\pymongo\\synchronous\\mongo_client.py\", line 1993, in _retry_internal\n    ).run()\n      ^^^^^\n  File \"C:\\Users\\UK-PC\\Desktop\\AI driven cargo-wise automation framework\\venv\\Lib\\site-packages\\pymongo\\synchronous\\mongo_client.py\", line 2730, in run\n    return self._read() if self._is_read else self._write()\n                                              ^^^^^^^^^^^^^\n  File \"C:\\Users\\UK-PC\\Desktop\\AI driven cargo-wise automation framework\\venv\\Lib\\site-packages\\pymongo\\synchronous\\mongo_client.py\", line 2840, in _write\n    self._server = self._get_server()\n                   ^^^^^^^^^^^^^^^^^^\n  File \"C:\\Users\\UK-PC\\Desktop\\AI driven cargo-wise automation framework\\venv\\Lib\\site-packages\\pymongo\\synchronous\\mongo_client.py\", line 2823, in _get_server\n    return self._client._select_server(\n           ^^^^^^^^^^^^^^^^^^^^^^^^^^^^\n  File \"C:\\Users\\UK-PC\\Desktop\\AI driven cargo-wise automation framework\\venv\\Lib\\site-packages\\pymongo\\synchronous\\mongo_client.py\", line 1812, in _select_server\n    server = topology.select_server(\n             ^^^^^^^^^^^^^^^^^^^^^^^\n  File \"C:\\Users\\UK-PC\\Desktop\\AI driven cargo-wise automation framework\\venv\\Lib\\site-packages\\pymongo\\synchronous\\topology.py\", line 409, in select_server\n    server = self._select_server(\n             ^^^^^^^^^^^^^^^^^^^^\n  File \"C:\\Users\\UK-PC\\Desktop\\AI driven cargo-wise automation framework\\venv\\Lib\\site-packages\\pymongo\\synchronous\\topology.py\", line 387, in _select_server\n    servers = self.select_servers(\n              ^^^^^^^^^^^^^^^^^^^^\n  File \"C:\\Users\\UK-PC\\Desktop\\AI driven cargo-wise automation framework\\venv\\Lib\\site-packages\\pymongo\\synchronous\\topology.py\", line 294, in select_servers\n    server_descriptions = self._select_servers_loop(\n                          ^^^^^^^^^^^^^^^^^^^^^^^^^^\n  File \"C:\\Users\\UK-PC\\Desktop\\AI driven cargo-wise automation framework\\venv\\Lib\\site-packages\\pymongo\\synchronous\\topology.py\", line 361, in _select_servers_loop\n    self._ensure_opened()\n  File \"C:\\Users\\UK-PC\\Desktop\\AI driven cargo-wise automation framework\\venv\\Lib\\site-packages\\pymongo\\synchronous\\topology.py\", line 789, in _ensure_opened\n    raise InvalidOperation(\"Cannot use MongoClient after close\")\npymongo.errors.InvalidOperation: Cannot use MongoClient after close\n", "module": "logging", "function": "log_to_db", "line": 171}
{"timestamp": "2025-08-15T12:24:31.761369", "level": "ERROR", "logger": "api", "message": "API request failed: GET /api/v1/dashboard/stats - ac-5fpoc0d-shard-00-02.pzstbpn.mongodb.net:27017: timed out (configured timeouts: connectTimeoutMS: 20000.0ms)", "module": "logging", "function": "log_to_file", "line": 226, "source": "API", "request_id": "f97819a0-2050-4414-9907-ec6c5cc2daa9", "method": "GET", "path": "/api/v1/dashboard/stats", "duration_ms": 15350, "error": "ac-5fpoc0d-shard-00-02.pzstbpn.mongodb.net:27017: timed out (configured timeouts: connectTimeoutMS: 20000.0ms)"}
{"timestamp": "2025-08-15T12:25:21.637360", "level": "ERROR", "logger": "app.automation.robot.robot_driver", "message": "Robot Framework not found. Please install with: pip install robotframework", "module": "robot_driver", "function": "_verify_environment", "line": 59}
{"timestamp": "2025-08-15T12:25:21.640357", "level": "ERROR", "logger": "app.automation.robot.robot_driver", "message": "Error: ", "module": "robot_driver", "function": "_verify_environment", "line": 60}
{"timestamp": "2025-08-15T12:30:56.197603", "level": "ERROR", "logger": "app.api.v1.task", "message": "Task resumption was canceled for task 7c4e6203-843b-4a66-8c3a-d27659f1747b", "module": "task", "function": "resume_task_background", "line": 988}
{"timestamp": "2025-08-15T12:35:45.283734", "level": "ERROR", "logger": "app.automation.robot.robot_driver", "message": "Robot command timed out after 300 seconds", "module": "robot_driver", "function": "_run_robot_command_with_timeout", "line": 215}
{"timestamp": "2025-08-15T12:36:40.910257", "level": "ERROR", "logger": "api", "message": "API request failed: GET /api/v1/dashboard/stats - ac-5fpoc0d-shard-00-02.pzstbpn.mongodb.net:27017: timed out (configured timeouts: connectTimeoutMS: 20000.0ms)", "module": "logging", "function": "log_to_file", "line": 226, "source": "API", "request_id": "c6e02b03-9dc4-44ae-acd7-f446a7137228", "method": "GET", "path": "/api/v1/dashboard/stats", "duration_ms": 5297, "error": "ac-5fpoc0d-shard-00-02.pzstbpn.mongodb.net:27017: timed out (configured timeouts: connectTimeoutMS: 20000.0ms)"}
{"timestamp": "2025-08-15T12:37:33.230459", "level": "ERROR", "logger": "app.automation.robot.robot_driver", "message": "Robot Framework not found. Please install with: pip install robotframework", "module": "robot_driver", "function": "_verify_environment", "line": 59}
{"timestamp": "2025-08-15T12:37:33.232468", "level": "ERROR", "logger": "app.automation.robot.robot_driver", "message": "Error: ", "module": "robot_driver", "function": "_verify_environment", "line": 60}
{"timestamp": "2025-08-15T12:39:55.169774", "level": "ERROR", "logger": "app.automation.robot.robot_driver", "message": "Robot Framework not found. Please install with: pip install robotframework", "module": "robot_driver", "function": "_verify_environment", "line": 59}
{"timestamp": "2025-08-15T12:39:55.172778", "level": "ERROR", "logger": "app.automation.robot.robot_driver", "message": "Error: ", "module": "robot_driver", "function": "_verify_environment", "line": 60}
{"timestamp": "2025-08-15T12:47:11.312719", "level": "ERROR", "logger": "app.automation.robot.robot_driver", "message": "Robot command timed out after 300 seconds", "module": "robot_driver", "function": "_run_robot_command_with_timeout", "line": 215}
{"timestamp": "2025-08-15T12:47:11.979725", "level": "ERROR", "logger": "app.automation.robot.robot_driver", "message": "Robot execution failed: Command timed out after 300 seconds", "module": "robot_driver", "function": "execute_robot_script", "line": 569}
{"timestamp": "2025-08-15T12:47:18.710663", "level": "ERROR", "logger": "app.api.v1.task", "message": "Error during cleanup for resumed task 4815564f-4319-482e-a6c0-0f48e2d05b69: object NoneType can't be used in 'await' expression", "module": "task", "function": "resume_task_background", "line": 1033}
{"timestamp": "2025-08-15T12:47:18.782654", "level": "ERROR", "logger": "task", "message": "Task 4815564f-4319-482e-a6c0-0f48e2d05b69: Cleanup failed: object NoneType can't be used in 'await' expression", "module": "logging", "function": "log_to_file", "line": 226, "task_id": "4815564f-4319-482e-a6c0-0f48e2d05b69", "source": "TASK"}
{"timestamp": "2025-08-15T13:00:57.387307", "level": "ERROR", "logger": "app.automation.robot.robot_driver", "message": "Robot Framework not found. Please install with: pip install robotframework", "module": "robot_driver", "function": "_verify_environment", "line": 59}
{"timestamp": "2025-08-15T13:00:57.387307", "level": "ERROR", "logger": "app.automation.robot.robot_driver", "message": "Error: ", "module": "robot_driver", "function": "_verify_environment", "line": 60}
{"timestamp": "2025-08-15T13:03:34.261009", "level": "ERROR", "logger": "app.automation.robot.robot_driver", "message": "Robot Framework not found. Please install with: pip install robotframework", "module": "robot_driver", "function": "_verify_environment", "line": 59}
{"timestamp": "2025-08-15T13:03:34.263019", "level": "ERROR", "logger": "app.automation.robot.robot_driver", "message": "Error: ", "module": "robot_driver", "function": "_verify_environment", "line": 60}
{"timestamp": "2025-08-15T13:04:51.501669", "level": "ERROR", "logger": "app.api.v1.task", "message": "Task resumption was canceled for task 01686cd7-b854-48c7-aff4-881008eca5b3", "module": "task", "function": "resume_task_background", "line": 988}
{"timestamp": "2025-08-15T13:04:54.614919", "level": "ERROR", "logger": "app.automation.robot.robot_driver", "message": "Robot command failed with return code 253", "module": "robot_driver", "function": "_run_robot_command_with_timeout", "line": 229}
{"timestamp": "2025-08-15T13:04:54.616920", "level": "ERROR", "logger": "app.automation.robot.robot_driver", "message": "STDOUT: ==============================================================================\nTmpl93P89G3                                                                   \n==============================================================================\nExecute Sikuli Task :: Execute Sikuli automation task                 Starting Sikuli Process...\nAdding image path: C:\\Users\\UK-PC\\Desktop\\AI driven cargo-wise automation framework\\cargowise-ai-backend\\cargowise_images\nLaunching application: C:\\Program Files (x86)\\WiseTech Global\\WiseCloud Client\\WiseCloudClient.exe\nApplication launch initiated at 2025-08-15 13:03:51.801\nApplication should be started now\n.Task execution started at 2025-08-15 13:04:06.827\nRunning keyword with timeout: Run Sikuli Task (295s)\nExecuting Sikuli task...\nTask started at 2025-08-15 13:04:06.848\nStep 1: # Click New Order\nScreenshot saved: C:\\Users\\UK-PC\\Desktop\\AI driven cargo-wise automation framework\\cargowise-ai-backend\\screenshots\\01686cd7-b854-48c7-aff4-881008eca5b3/step_1_20250815_130406.png\nStep 1 completed in 0.637s\nStep 2: Click\nScreenshot saved: C:\\Users\\UK-PC\\Desktop\\AI driven cargo-wise automation framework\\cargowise-ai-backend\\screenshots\\01686cd7-b854-48c7-aff4-881008eca5b3/step_2_20250815_130409.png\nStep 2 completed in 2.444s\nStep 3: Click\nScreenshot saved: C:\\Users\\UK-PC\\Desktop\\AI driven cargo-wise automation framework\\cargowise-ai-backend\\screenshots\\01686cd7-b854-48c7-aff4-881008eca5b3/step_3_20250815_130414.png\nStep 3 completed in 1.677s\nStep 4: Click\nScreenshot saved: C:\\Users\\UK-PC\\Desktop\\AI driven cargo-wise automation framework\\cargowise-ai-backend\\screenshots\\01686cd7-b854-48c7-aff4-881008eca5b3/step_4_20250815_130418.png\nStep 4 completed in 1.49s\nStep 5: Click\nExecuting Sikuli task...\nTask started at 2025-08-15 13:04:30.518\nStep 1: # Click New Order\nScreenshot saved: C:\\Users\\UK-PC\\Desktop\\AI driven cargo-wise automation framework\\cargowise-ai-backend\\screenshots\\01686cd7-b854-48c7-aff4-881008eca5b3/step_1_20250815_130430.png\nStep 1 completed in 0.225s\nStep 2: Click\nScreenshot saved: C:\\Users\\UK-PC\\Desktop\\AI driven cargo-wise automation framework\\cargowise-ai-backend\\screenshots\\01686cd7-b854-48c7-aff4-881008eca5b3/step_2_20250815_130432.png\nStep 2 completed in 1.497s\nStep 3: Click\nScreenshot saved: C:\\Users\\UK-PC\\Desktop\\AI driven cargo-wise automation framework\\cargowise-ai-backend\\screenshots\\01686cd7-b854-48c7-aff4-881008eca5b3/step_3_20250815_130436.png\nStep 3 completed in 1.508s\nStep 4: Click\nScreenshot saved: C:\\Users\\UK-PC\\Desktop\\AI driven cargo-wise automation framework\\cargowise-ai-backend\\screenshots\\01686cd7-b854-48c7-aff4-881008eca5b3/step_4_20250815_130441.png\nStep 4 completed in 1.925s\nStep 5: Click\nFStopping Sikuli Process...\n.\n                                                                              \nExecute Sikuli Task :: Execute Sikuli automation task                 | FAIL |\nExecution terminated by signal\n------------------------------------------------------------------------------\nTmpl93P89G3                                                           | FAIL |\n1 test, 0 passed, 1 failed\n==============================================================================\nOutput:  C:\\Users\\UK-PC\\AppData\\Local\\Temp\\tmpkkshjt8k\\output.xml\n", "module": "robot_driver", "function": "_run_robot_command_with_timeout", "line": 230}
{"timestamp": "2025-08-15T13:04:54.628937", "level": "ERROR", "logger": "app.automation.robot.robot_driver", "message": "STDERR: Second signal will force exit.\n[ ERROR ] Execution stopped by user.\n", "module": "robot_driver", "function": "_run_robot_command_with_timeout", "line": 231}
{"timestamp": "2025-08-15T13:07:31.887934", "level": "ERROR", "logger": "api", "message": "API request failed: GET /api/v1/dashboard/stats - ac-5fpoc0d-shard-00-02.pzstbpn.mongodb.net:27017: timed out (configured timeouts: connectTimeoutMS: 20000.0ms)", "module": "logging", "function": "log_to_file", "line": 226, "source": "API", "request_id": "9aee14a0-e366-47cc-a200-7ccf6221538b", "method": "GET", "path": "/api/v1/dashboard/stats", "duration_ms": 23669, "error": "ac-5fpoc0d-shard-00-02.pzstbpn.mongodb.net:27017: timed out (configured timeouts: connectTimeoutMS: 20000.0ms)"}
{"timestamp": "2025-08-15T13:07:51.143358", "level": "ERROR", "logger": "api", "message": "API request failed: GET /api/v1/dashboard/stats - ac-5fpoc0d-shard-00-02.pzstbpn.mongodb.net:27017: timed out (configured timeouts: connectTimeoutMS: 20000.0ms)", "module": "logging", "function": "log_to_file", "line": 226, "source": "API", "request_id": "14440f60-69a6-4c98-861e-61b4fc90d295", "method": "GET", "path": "/api/v1/dashboard/stats", "duration_ms": 22919, "error": "ac-5fpoc0d-shard-00-02.pzstbpn.mongodb.net:27017: timed out (configured timeouts: connectTimeoutMS: 20000.0ms)"}
{"timestamp": "2025-08-15T13:10:09.776820", "level": "ERROR", "logger": "app.automation.robot.robot_driver", "message": "Robot Framework not found. Please install with: pip install robotframework", "module": "robot_driver", "function": "_verify_environment", "line": 59}
{"timestamp": "2025-08-15T13:10:09.776820", "level": "ERROR", "logger": "app.automation.robot.robot_driver", "message": "Error: ", "module": "robot_driver", "function": "_verify_environment", "line": 60}
{"timestamp": "2025-08-15T13:21:14.365805", "level": "ERROR", "logger": "app.automation.robot.robot_driver", "message": "Robot command timed out after 300 seconds", "module": "robot_driver", "function": "_run_robot_command_with_timeout", "line": 215}
{"timestamp": "2025-08-15T13:21:14.595610", "level": "ERROR", "logger": "app.automation.robot.robot_driver", "message": "Robot execution failed: Command timed out after 300 seconds", "module": "robot_driver", "function": "execute_robot_script", "line": 569}
{"timestamp": "2025-08-15T13:21:18.038423", "level": "ERROR", "logger": "app.api.v1.task", "message": "Error during cleanup for resumed task 37d5ed31-5f22-432f-8f1d-532d7cfee07d: object NoneType can't be used in 'await' expression", "module": "task", "function": "resume_task_background", "line": 1033}
{"timestamp": "2025-08-15T13:21:18.070174", "level": "ERROR", "logger": "task", "message": "Task 37d5ed31-5f22-432f-8f1d-532d7cfee07d: Cleanup failed: object NoneType can't be used in 'await' expression", "module": "logging", "function": "log_to_file", "line": 226, "task_id": "37d5ed31-5f22-432f-8f1d-532d7cfee07d", "source": "TASK"}
{"timestamp": "2025-08-15T13:45:41.671153", "level": "ERROR", "logger": "app.automation.robot.robot_driver", "message": "Robot Framework not found. Please install with: pip install robotframework", "module": "robot_driver", "function": "_verify_environment", "line": 59}
{"timestamp": "2025-08-15T13:45:41.671153", "level": "ERROR", "logger": "app.automation.robot.robot_driver", "message": "Error: ", "module": "robot_driver", "function": "_verify_environment", "line": 60}
{"timestamp": "2025-08-15T13:48:24.791209", "level": "ERROR", "logger": "app.automation.robot.robot_driver", "message": "Robot Framework not found. Please install with: pip install robotframework", "module": "robot_driver", "function": "_verify_environment", "line": 59}
{"timestamp": "2025-08-15T13:48:24.792212", "level": "ERROR", "logger": "app.automation.robot.robot_driver", "message": "Error: ", "module": "robot_driver", "function": "_verify_environment", "line": 60}
{"timestamp": "2025-08-15T13:52:06.290041", "level": "ERROR", "logger": "app.api.v1.task", "message": "Task resumption was canceled for task 8edea8a3-d513-4e6b-8a2e-d6506319d1dd", "module": "task", "function": "resume_task_background", "line": 988}
{"timestamp": "2025-08-15T13:52:06.506690", "level": "ERROR", "logger": "app.api.v1.task", "message": "Error during cleanup for resumed task 8edea8a3-d513-4e6b-8a2e-d6506319d1dd: object NoneType can't be used in 'await' expression", "module": "task", "function": "resume_task_background", "line": 1033}
{"timestamp": "2025-08-15T13:52:06.525678", "level": "ERROR", "logger": "task", "message": "Task 8edea8a3-d513-4e6b-8a2e-d6506319d1dd: Cleanup failed: object NoneType can't be used in 'await' expression", "module": "logging", "function": "log_to_file", "line": 226, "task_id": "8edea8a3-d513-4e6b-8a2e-d6506319d1dd", "source": "TASK"}
{"timestamp": "2025-08-15T13:52:06.529688", "level": "ERROR", "logger": "app.utils.logging", "message": "Error logging to database: Cannot use MongoClient after close", "module": "logging", "function": "log_to_db", "line": 168}
{"timestamp": "2025-08-15T13:52:06.655688", "level": "ERROR", "logger": "app.utils.logging", "message": "Traceback (most recent call last):\n  File \"C:\\Users\\UK-PC\\Desktop\\AI driven cargo-wise automation framework\\cargowise-ai-backend\\app\\utils\\logging.py\", line 166, in log_to_db\n    return await _log_repository.create_log(log_entry)\n           ^^^^^^^^^^^^^^^^^^^^^^^^^^^^^^^^^^^^^^^^^^^\n  File \"C:\\Users\\UK-PC\\Desktop\\AI driven cargo-wise automation framework\\cargowise-ai-backend\\app\\db\\repositories\\log_repository.py\", line 37, in create_log\n    return await self.create(log_entry)\n           ^^^^^^^^^^^^^^^^^^^^^^^^^^^^\n  File \"C:\\Users\\UK-PC\\Desktop\\AI driven cargo-wise automation framework\\cargowise-ai-backend\\app\\db\\repositories\\base_respository.py\", line 21, in create\n    await self.collection.insert_one(model_dict)\n  File \"C:\\Python311\\Lib\\concurrent\\futures\\thread.py\", line 58, in run\n    result = self.fn(*self.args, **self.kwargs)\n             ^^^^^^^^^^^^^^^^^^^^^^^^^^^^^^^^^^\n  File \"C:\\Users\\UK-PC\\Desktop\\AI driven cargo-wise automation framework\\venv\\Lib\\site-packages\\pymongo\\synchronous\\collection.py\", line 891, in insert_one\n    self._insert_one(\n  File \"C:\\Users\\UK-PC\\Desktop\\AI driven cargo-wise automation framework\\venv\\Lib\\site-packages\\pymongo\\synchronous\\collection.py\", line 831, in _insert_one\n    self._database.client._retryable_write(\n  File \"C:\\Users\\UK-PC\\Desktop\\AI driven cargo-wise automation framework\\venv\\Lib\\site-packages\\pymongo\\synchronous\\mongo_client.py\", line 2061, in _retryable_write\n    return self._retry_with_session(retryable, func, s, bulk, operation, operation_id)\n           ^^^^^^^^^^^^^^^^^^^^^^^^^^^^^^^^^^^^^^^^^^^^^^^^^^^^^^^^^^^^^^^^^^^^^^^^^^^\n  File \"C:\\Users\\UK-PC\\Desktop\\AI driven cargo-wise automation framework\\venv\\Lib\\site-packages\\pymongo\\synchronous\\mongo_client.py\", line 1947, in _retry_with_session\n    return self._retry_internal(\n           ^^^^^^^^^^^^^^^^^^^^^\n  File \"C:\\Users\\UK-PC\\Desktop\\AI driven cargo-wise automation framework\\venv\\Lib\\site-packages\\pymongo\\_csot.py\", line 119, in csot_wrapper\n    return func(self, *args, **kwargs)\n           ^^^^^^^^^^^^^^^^^^^^^^^^^^^\n  File \"C:\\Users\\UK-PC\\Desktop\\AI driven cargo-wise automation framework\\venv\\Lib\\site-packages\\pymongo\\synchronous\\mongo_client.py\", line 1993, in _retry_internal\n    ).run()\n      ^^^^^\n  File \"C:\\Users\\UK-PC\\Desktop\\AI driven cargo-wise automation framework\\venv\\Lib\\site-packages\\pymongo\\synchronous\\mongo_client.py\", line 2730, in run\n    return self._read() if self._is_read else self._write()\n                                              ^^^^^^^^^^^^^\n  File \"C:\\Users\\UK-PC\\Desktop\\AI driven cargo-wise automation framework\\venv\\Lib\\site-packages\\pymongo\\synchronous\\mongo_client.py\", line 2840, in _write\n    self._server = self._get_server()\n                   ^^^^^^^^^^^^^^^^^^\n  File \"C:\\Users\\UK-PC\\Desktop\\AI driven cargo-wise automation framework\\venv\\Lib\\site-packages\\pymongo\\synchronous\\mongo_client.py\", line 2823, in _get_server\n    return self._client._select_server(\n           ^^^^^^^^^^^^^^^^^^^^^^^^^^^^\n  File \"C:\\Users\\UK-PC\\Desktop\\AI driven cargo-wise automation framework\\venv\\Lib\\site-packages\\pymongo\\synchronous\\mongo_client.py\", line 1812, in _select_server\n    server = topology.select_server(\n             ^^^^^^^^^^^^^^^^^^^^^^^\n  File \"C:\\Users\\UK-PC\\Desktop\\AI driven cargo-wise automation framework\\venv\\Lib\\site-packages\\pymongo\\synchronous\\topology.py\", line 409, in select_server\n    server = self._select_server(\n             ^^^^^^^^^^^^^^^^^^^^\n  File \"C:\\Users\\UK-PC\\Desktop\\AI driven cargo-wise automation framework\\venv\\Lib\\site-packages\\pymongo\\synchronous\\topology.py\", line 387, in _select_server\n    servers = self.select_servers(\n              ^^^^^^^^^^^^^^^^^^^^\n  File \"C:\\Users\\UK-PC\\Desktop\\AI driven cargo-wise automation framework\\venv\\Lib\\site-packages\\pymongo\\synchronous\\topology.py\", line 294, in select_servers\n    server_descriptions = self._select_servers_loop(\n                          ^^^^^^^^^^^^^^^^^^^^^^^^^^\n  File \"C:\\Users\\UK-PC\\Desktop\\AI driven cargo-wise automation framework\\venv\\Lib\\site-packages\\pymongo\\synchronous\\topology.py\", line 361, in _select_servers_loop\n    self._ensure_opened()\n  File \"C:\\Users\\UK-PC\\Desktop\\AI driven cargo-wise automation framework\\venv\\Lib\\site-packages\\pymongo\\synchronous\\topology.py\", line 789, in _ensure_opened\n    raise InvalidOperation(\"Cannot use MongoClient after close\")\npymongo.errors.InvalidOperation: Cannot use MongoClient after close\n", "module": "logging", "function": "log_to_db", "line": 171}
{"timestamp": "2025-08-15T13:52:06.754804", "level": "ERROR", "logger": "app.utils.logging", "message": "Error logging to database: Cannot use MongoClient after close", "module": "logging", "function": "log_to_db", "line": 168}
{"timestamp": "2025-08-15T13:52:06.760837", "level": "ERROR", "logger": "app.utils.logging", "message": "Traceback (most recent call last):\n  File \"C:\\Users\\UK-PC\\Desktop\\AI driven cargo-wise automation framework\\cargowise-ai-backend\\app\\utils\\logging.py\", line 166, in log_to_db\n    return await _log_repository.create_log(log_entry)\n           ^^^^^^^^^^^^^^^^^^^^^^^^^^^^^^^^^^^^^^^^^^^\n  File \"C:\\Users\\UK-PC\\Desktop\\AI driven cargo-wise automation framework\\cargowise-ai-backend\\app\\db\\repositories\\log_repository.py\", line 37, in create_log\n    return await self.create(log_entry)\n           ^^^^^^^^^^^^^^^^^^^^^^^^^^^^\n  File \"C:\\Users\\UK-PC\\Desktop\\AI driven cargo-wise automation framework\\cargowise-ai-backend\\app\\db\\repositories\\base_respository.py\", line 21, in create\n    await self.collection.insert_one(model_dict)\n  File \"C:\\Python311\\Lib\\concurrent\\futures\\thread.py\", line 58, in run\n    result = self.fn(*self.args, **self.kwargs)\n             ^^^^^^^^^^^^^^^^^^^^^^^^^^^^^^^^^^\n  File \"C:\\Users\\UK-PC\\Desktop\\AI driven cargo-wise automation framework\\venv\\Lib\\site-packages\\pymongo\\synchronous\\collection.py\", line 891, in insert_one\n    self._insert_one(\n  File \"C:\\Users\\UK-PC\\Desktop\\AI driven cargo-wise automation framework\\venv\\Lib\\site-packages\\pymongo\\synchronous\\collection.py\", line 831, in _insert_one\n    self._database.client._retryable_write(\n  File \"C:\\Users\\UK-PC\\Desktop\\AI driven cargo-wise automation framework\\venv\\Lib\\site-packages\\pymongo\\synchronous\\mongo_client.py\", line 2061, in _retryable_write\n    return self._retry_with_session(retryable, func, s, bulk, operation, operation_id)\n           ^^^^^^^^^^^^^^^^^^^^^^^^^^^^^^^^^^^^^^^^^^^^^^^^^^^^^^^^^^^^^^^^^^^^^^^^^^^\n  File \"C:\\Users\\UK-PC\\Desktop\\AI driven cargo-wise automation framework\\venv\\Lib\\site-packages\\pymongo\\synchronous\\mongo_client.py\", line 1947, in _retry_with_session\n    return self._retry_internal(\n           ^^^^^^^^^^^^^^^^^^^^^\n  File \"C:\\Users\\UK-PC\\Desktop\\AI driven cargo-wise automation framework\\venv\\Lib\\site-packages\\pymongo\\_csot.py\", line 119, in csot_wrapper\n    return func(self, *args, **kwargs)\n           ^^^^^^^^^^^^^^^^^^^^^^^^^^^\n  File \"C:\\Users\\UK-PC\\Desktop\\AI driven cargo-wise automation framework\\venv\\Lib\\site-packages\\pymongo\\synchronous\\mongo_client.py\", line 1993, in _retry_internal\n    ).run()\n      ^^^^^\n  File \"C:\\Users\\UK-PC\\Desktop\\AI driven cargo-wise automation framework\\venv\\Lib\\site-packages\\pymongo\\synchronous\\mongo_client.py\", line 2730, in run\n    return self._read() if self._is_read else self._write()\n                                              ^^^^^^^^^^^^^\n  File \"C:\\Users\\UK-PC\\Desktop\\AI driven cargo-wise automation framework\\venv\\Lib\\site-packages\\pymongo\\synchronous\\mongo_client.py\", line 2840, in _write\n    self._server = self._get_server()\n                   ^^^^^^^^^^^^^^^^^^\n  File \"C:\\Users\\UK-PC\\Desktop\\AI driven cargo-wise automation framework\\venv\\Lib\\site-packages\\pymongo\\synchronous\\mongo_client.py\", line 2823, in _get_server\n    return self._client._select_server(\n           ^^^^^^^^^^^^^^^^^^^^^^^^^^^^\n  File \"C:\\Users\\UK-PC\\Desktop\\AI driven cargo-wise automation framework\\venv\\Lib\\site-packages\\pymongo\\synchronous\\mongo_client.py\", line 1812, in _select_server\n    server = topology.select_server(\n             ^^^^^^^^^^^^^^^^^^^^^^^\n  File \"C:\\Users\\UK-PC\\Desktop\\AI driven cargo-wise automation framework\\venv\\Lib\\site-packages\\pymongo\\synchronous\\topology.py\", line 409, in select_server\n    server = self._select_server(\n             ^^^^^^^^^^^^^^^^^^^^\n  File \"C:\\Users\\UK-PC\\Desktop\\AI driven cargo-wise automation framework\\venv\\Lib\\site-packages\\pymongo\\synchronous\\topology.py\", line 387, in _select_server\n    servers = self.select_servers(\n              ^^^^^^^^^^^^^^^^^^^^\n  File \"C:\\Users\\UK-PC\\Desktop\\AI driven cargo-wise automation framework\\venv\\Lib\\site-packages\\pymongo\\synchronous\\topology.py\", line 294, in select_servers\n    server_descriptions = self._select_servers_loop(\n                          ^^^^^^^^^^^^^^^^^^^^^^^^^^\n  File \"C:\\Users\\UK-PC\\Desktop\\AI driven cargo-wise automation framework\\venv\\Lib\\site-packages\\pymongo\\synchronous\\topology.py\", line 361, in _select_servers_loop\n    self._ensure_opened()\n  File \"C:\\Users\\UK-PC\\Desktop\\AI driven cargo-wise automation framework\\venv\\Lib\\site-packages\\pymongo\\synchronous\\topology.py\", line 789, in _ensure_opened\n    raise InvalidOperation(\"Cannot use MongoClient after close\")\npymongo.errors.InvalidOperation: Cannot use MongoClient after close\n", "module": "logging", "function": "log_to_db", "line": 171}
{"timestamp": "2025-08-15T13:55:13.795265", "level": "ERROR", "logger": "app.automation.robot.robot_driver", "message": "Robot command timed out after 300 seconds", "module": "robot_driver", "function": "_run_robot_command_with_timeout", "line": 215}
{"timestamp": "2025-08-15T13:56:18.474319", "level": "ERROR", "logger": "api", "message": "API request failed: GET /api/v1/dashboard/stats - ac-5fpoc0d-shard-00-02.pzstbpn.mongodb.net:27017: timed out (configured timeouts: connectTimeoutMS: 20000.0ms)", "module": "logging", "function": "log_to_file", "line": 226, "source": "API", "request_id": "c182a12f-b0e7-4ce6-bb87-c7280ba69446", "method": "GET", "path": "/api/v1/dashboard/stats", "duration_ms": 7373, "error": "ac-5fpoc0d-shard-00-02.pzstbpn.mongodb.net:27017: timed out (configured timeouts: connectTimeoutMS: 20000.0ms)"}
{"timestamp": "2025-08-15T13:57:54.490843", "level": "ERROR", "logger": "app.automation.robot.robot_driver", "message": "Robot Framework not found. Please install with: pip install robotframework", "module": "robot_driver", "function": "_verify_environment", "line": 59}
{"timestamp": "2025-08-15T13:57:54.490843", "level": "ERROR", "logger": "app.automation.robot.robot_driver", "message": "Error: ", "module": "robot_driver", "function": "_verify_environment", "line": 60}
{"timestamp": "2025-08-15T14:00:08.163116", "level": "ERROR", "logger": "app.automation.robot.robot_driver", "message": "Robot Framework not found. Please install with: pip install robotframework", "module": "robot_driver", "function": "_verify_environment", "line": 59}
{"timestamp": "2025-08-15T14:00:08.165088", "level": "ERROR", "logger": "app.automation.robot.robot_driver", "message": "Error: ", "module": "robot_driver", "function": "_verify_environment", "line": 60}
{"timestamp": "2025-08-15T14:07:00.769644", "level": "ERROR", "logger": "app.automation.robot.robot_driver", "message": "Robot command timed out after 300 seconds", "module": "robot_driver", "function": "_run_robot_command_with_timeout", "line": 215}
{"timestamp": "2025-08-15T14:07:01.108220", "level": "ERROR", "logger": "app.automation.robot.robot_driver", "message": "Robot execution failed: Command timed out after 300 seconds", "module": "robot_driver", "function": "execute_robot_script", "line": 569}
{"timestamp": "2025-08-15T14:07:15.397464", "level": "ERROR", "logger": "app.api.v1.task", "message": "Error during cleanup for resumed task ae1160cf-8b3f-40c7-b81d-be34e05c55c6: object NoneType can't be used in 'await' expression", "module": "task", "function": "resume_task_background", "line": 1033}
{"timestamp": "2025-08-15T14:07:15.424473", "level": "ERROR", "logger": "task", "message": "Task ae1160cf-8b3f-40c7-b81d-be34e05c55c6: Cleanup failed: object NoneType can't be used in 'await' expression", "module": "logging", "function": "log_to_file", "line": 226, "task_id": "ae1160cf-8b3f-40c7-b81d-be34e05c55c6", "source": "TASK"}
{"timestamp": "2025-08-15T14:18:33.218589", "level": "ERROR", "logger": "app.automation.robot.robot_driver", "message": "Robot Framework not found. Please install with: pip install robotframework", "module": "robot_driver", "function": "_verify_environment", "line": 59}
{"timestamp": "2025-08-15T14:18:33.233935", "level": "ERROR", "logger": "app.automation.robot.robot_driver", "message": "Error: ", "module": "robot_driver", "function": "_verify_environment", "line": 60}
{"timestamp": "2025-08-15T14:25:08.945306", "level": "ERROR", "logger": "app.automation.robot.robot_driver", "message": "Robot command timed out after 300 seconds", "module": "robot_driver", "function": "_run_robot_command_with_timeout", "line": 215}
{"timestamp": "2025-08-15T14:28:09.946569", "level": "ERROR", "logger": "app.automation.robot.robot_driver", "message": "Robot Framework not found. Please install with: pip install robotframework", "module": "robot_driver", "function": "_verify_environment", "line": 59}
{"timestamp": "2025-08-15T14:28:09.946569", "level": "ERROR", "logger": "app.automation.robot.robot_driver", "message": "Error: ", "module": "robot_driver", "function": "_verify_environment", "line": 60}
{"timestamp": "2025-08-15T14:30:20.600255", "level": "ERROR", "logger": "app.automation.robot.robot_driver", "message": "Robot Framework not found. Please install with: pip install robotframework", "module": "robot_driver", "function": "_verify_environment", "line": 59}
{"timestamp": "2025-08-15T14:30:20.601260", "level": "ERROR", "logger": "app.automation.robot.robot_driver", "message": "Error: ", "module": "robot_driver", "function": "_verify_environment", "line": 60}
{"timestamp": "2025-08-15T14:31:58.291145", "level": "ERROR", "logger": "app.api.v1.task", "message": "Error during cleanup for resumed task c42935e3-fbd6-4855-bfc6-e5e850ee5778: object NoneType can't be used in 'await' expression", "module": "task", "function": "resume_task_background", "line": 1033}
{"timestamp": "2025-08-15T14:31:58.305179", "level": "ERROR", "logger": "task", "message": "Task c42935e3-fbd6-4855-bfc6-e5e850ee5778: Cleanup failed: object NoneType can't be used in 'await' expression", "module": "logging", "function": "log_to_file", "line": 226, "task_id": "c42935e3-fbd6-4855-bfc6-e5e850ee5778", "source": "TASK"}
{"timestamp": "2025-08-15T14:47:56.813439", "level": "ERROR", "logger": "app.automation.robot.robot_driver", "message": "Robot Framework not found. Please install with: pip install robotframework", "module": "robot_driver", "function": "_verify_environment", "line": 59}
{"timestamp": "2025-08-15T14:47:56.813439", "level": "ERROR", "logger": "app.automation.robot.robot_driver", "message": "Error: ", "module": "robot_driver", "function": "_verify_environment", "line": 60}
{"timestamp": "2025-08-15T14:50:56.049144", "level": "ERROR", "logger": "app.automation.robot.robot_driver", "message": "Robot Framework not found. Please install with: pip install robotframework", "module": "robot_driver", "function": "_verify_environment", "line": 59}
{"timestamp": "2025-08-15T14:50:56.052156", "level": "ERROR", "logger": "app.automation.robot.robot_driver", "message": "Error: ", "module": "robot_driver", "function": "_verify_environment", "line": 60}
{"timestamp": "2025-08-15T14:57:04.525984", "level": "ERROR", "logger": "app.automation.robot.robot_driver", "message": "Robot command timed out after 300 seconds", "module": "robot_driver", "function": "_run_robot_command_with_timeout", "line": 215}
{"timestamp": "2025-08-15T14:57:04.809571", "level": "ERROR", "logger": "app.automation.robot.robot_driver", "message": "Robot execution failed: Command timed out after 300 seconds", "module": "robot_driver", "function": "execute_robot_script", "line": 569}
{"timestamp": "2025-08-15T14:57:11.606822", "level": "ERROR", "logger": "app.api.v1.task", "message": "Error during cleanup for resumed task 38fc40bb-067e-4bfc-afb9-75fc3a40a7f6: object NoneType can't be used in 'await' expression", "module": "task", "function": "resume_task_background", "line": 1033}
{"timestamp": "2025-08-15T14:57:11.639414", "level": "ERROR", "logger": "task", "message": "Task 38fc40bb-067e-4bfc-afb9-75fc3a40a7f6: Cleanup failed: object NoneType can't be used in 'await' expression", "module": "logging", "function": "log_to_file", "line": 226, "task_id": "38fc40bb-067e-4bfc-afb9-75fc3a40a7f6", "source": "TASK"}
{"timestamp": "2025-08-15T15:37:19.300954", "level": "ERROR", "logger": "app.automation.robot.robot_driver", "message": "Robot Framework not found. Please install with: pip install robotframework", "module": "robot_driver", "function": "_verify_environment", "line": 59}
{"timestamp": "2025-08-15T15:37:19.300954", "level": "ERROR", "logger": "app.automation.robot.robot_driver", "message": "Error: ", "module": "robot_driver", "function": "_verify_environment", "line": 60}
{"timestamp": "2025-08-15T15:39:37.149735", "level": "ERROR", "logger": "app.api.v1.task", "message": "Task resumption was canceled for task 71bbaa62-f931-4184-bac0-b758a5d3d0ee", "module": "task", "function": "resume_task_background", "line": 988}
{"timestamp": "2025-08-15T15:39:39.603685", "level": "ERROR", "logger": "app.automation.robot.robot_driver", "message": "Robot command failed with return code 3221225786", "module": "robot_driver", "function": "_run_robot_command_with_timeout", "line": 229}
{"timestamp": "2025-08-15T15:39:39.611691", "level": "ERROR", "logger": "app.automation.robot.robot_driver", "message": "STDOUT: ==============================================================================\nTmp04Uu0Ipa                                                                   \n==============================================================================\nExecute Sikuli Task :: Execute Sikuli automation task                 Starting Sikuli Process...\nAdding image path: C:\\Users\\UK-PC\\Desktop\\AI driven cargo-wise automation framework\\cargowise-ai-backend\\cargowise_images\nLaunching application: C:\\Program Files (x86)\\WiseTech Global\\WiseCloud Client\\WiseCloudClient.exe\nApplication launch initiated at 2025-08-15 15:37:44.024\nApplication should be started now\n.Task execution started at 2025-08-15 15:37:59.078\nRunning keyword with timeout: Run Sikuli Task (115s)\nExecuting Sikuli task...\nTask started at 2025-08-15 15:37:59.091\nStep 1: Click\nExecuting Sikuli task...\nTask started at 2025-08-15 15:38:04.252\nStep 1: Click\nExecuting Sikuli task...\nTask started at 2025-08-15 15:38:08.692\nStep 1: Click\nExecuting Sikuli task...\nTask started at 2025-08-15 15:38:13.199\nStep 1: Click\nScreenshot saved: C:\\Users\\UK-PC\\Desktop\\AI driven cargo-wise automation framework\\cargowise-ai-backend\\screenshots\\71bbaa62-f931-4184-bac0-b758a5d3d0ee/step_1_20250815_153816.png\nStep 1 completed in 3.054s\nStep 2: Input TextScreenshot saved: C:\\Users\\UK-PC\\Desktop\\AI driven cargo-wise automation framework\\cargowise-ai-backend\\screenshots\\71bbaa62-f931-4184-bac0-b758a5d3d0ee/step_2_20250815_153820.png\nStep 2 completed in 2.951s\nStep 3: Click\nScreenshot saved: C:\\Users\\UK-PC\\Desktop\\AI driven cargo-wise automation framework\\cargowise-ai-backend\\screenshots\\71bbaa62-f931-4184-bac0-b758a5d3d0ee/step_3_20250815_153822.png\nStep 3 completed in 1.65s\nStep 4: Double Click\nScreenshot saved: C:\\Users\\UK-PC\\Desktop\\AI driven cargo-wise automation framework\\cargowise-ai-backend\\screenshots\\71bbaa62-f931-4184-bac0-b758a5d3d0ee/step_4_20250815_153834.png\nStep 4 completed in 1.644s\nStep 5: Click\nFStopping Sikuli Process...\n.\n                                                                              \nExecute Sikuli Task :: Execute Sikuli automation task                 | FAIL |\nExecution terminated by signal\n------------------------------------------------------------------------------\nTmp04Uu0Ipa                                                           | FAIL |\n1 test, 0 passed, 1 failed\n==============================================================================\nOutput:  C:\\Users\\UK-PC\\AppData\\Local\\Temp\\tmp7ucvqjs1\\output.xml\nLog:     C:\\Users\\UK-PC\\AppData\\Local\\Temp\\tmp7ucvqjs1\\log.html\n", "module": "robot_driver", "function": "_run_robot_command_with_timeout", "line": 230}
{"timestamp": "2025-08-15T15:39:39.635682", "level": "ERROR", "logger": "app.automation.robot.robot_driver", "message": "STDERR: Second signal will force exit.\n", "module": "robot_driver", "function": "_run_robot_command_with_timeout", "line": 231}
{"timestamp": "2025-08-15T15:41:37.300669", "level": "ERROR", "logger": "api", "message": "API request failed: GET /api/v1/dashboard/stats - ac-5fpoc0d-shard-00-02.pzstbpn.mongodb.net:27017: timed out (configured timeouts: connectTimeoutMS: 20000.0ms)", "module": "logging", "function": "log_to_file", "line": 226, "source": "API", "request_id": "c0263e5c-3492-44a4-98ec-363f49f5f4d0", "method": "GET", "path": "/api/v1/dashboard/stats", "duration_ms": 8931, "error": "ac-5fpoc0d-shard-00-02.pzstbpn.mongodb.net:27017: timed out (configured timeouts: connectTimeoutMS: 20000.0ms)"}
{"timestamp": "2025-08-15T15:42:56.112038", "level": "ERROR", "logger": "app.automation.robot.robot_driver", "message": "Robot Framework not found. Please install with: pip install robotframework", "module": "robot_driver", "function": "_verify_environment", "line": 59}
{"timestamp": "2025-08-15T15:42:56.112038", "level": "ERROR", "logger": "app.automation.robot.robot_driver", "message": "Error: ", "module": "robot_driver", "function": "_verify_environment", "line": 60}
{"timestamp": "2025-08-15T15:45:23.645123", "level": "ERROR", "logger": "app.automation.robot.robot_driver", "message": "Robot Framework not found. Please install with: pip install robotframework", "module": "robot_driver", "function": "_verify_environment", "line": 59}
{"timestamp": "2025-08-15T15:45:23.647135", "level": "ERROR", "logger": "app.automation.robot.robot_driver", "message": "Error: ", "module": "robot_driver", "function": "_verify_environment", "line": 60}
{"timestamp": "2025-08-15T15:48:33.271015", "level": "ERROR", "logger": "app.automation.robot.robot_driver", "message": "Robot command timed out after 120 seconds", "module": "robot_driver", "function": "_run_robot_command_with_timeout", "line": 215}
{"timestamp": "2025-08-15T15:48:33.708650", "level": "ERROR", "logger": "app.automation.robot.robot_driver", "message": "Robot execution failed: Command timed out after 120 seconds", "module": "robot_driver", "function": "execute_robot_script", "line": 569}
{"timestamp": "2025-08-15T15:48:41.303866", "level": "ERROR", "logger": "app.api.v1.task", "message": "Error during cleanup for resumed task 73e6e18f-ba29-4d1a-ad95-7550e056d4e7: object NoneType can't be used in 'await' expression", "module": "task", "function": "resume_task_background", "line": 1033}
{"timestamp": "2025-08-15T15:48:41.343868", "level": "ERROR", "logger": "task", "message": "Task 73e6e18f-ba29-4d1a-ad95-7550e056d4e7: Cleanup failed: object NoneType can't be used in 'await' expression", "module": "logging", "function": "log_to_file", "line": 226, "task_id": "73e6e18f-ba29-4d1a-ad95-7550e056d4e7", "source": "TASK"}
{"timestamp": "2025-08-15T16:08:05.326351", "level": "ERROR", "logger": "app.automation.robot.robot_driver", "message": "Robot Framework not found. Please install with: pip install robotframework", "module": "robot_driver", "function": "_verify_environment", "line": 59}
{"timestamp": "2025-08-15T16:08:05.328357", "level": "ERROR", "logger": "app.automation.robot.robot_driver", "message": "Error: ", "module": "robot_driver", "function": "_verify_environment", "line": 60}
{"timestamp": "2025-08-15T16:10:22.290564", "level": "ERROR", "logger": "app.automation.robot.robot_driver", "message": "Robot Framework not found. Please install with: pip install robotframework", "module": "robot_driver", "function": "_verify_environment", "line": 59}
{"timestamp": "2025-08-15T16:10:22.292564", "level": "ERROR", "logger": "app.automation.robot.robot_driver", "message": "Error: ", "module": "robot_driver", "function": "_verify_environment", "line": 60}
{"timestamp": "2025-08-15T16:12:54.043770", "level": "ERROR", "logger": "app.automation.robot.robot_driver", "message": "Robot command timed out after 120 seconds", "module": "robot_driver", "function": "_run_robot_command_with_timeout", "line": 215}
{"timestamp": "2025-08-15T16:12:54.378035", "level": "ERROR", "logger": "app.automation.robot.robot_driver", "message": "Robot execution failed: Command timed out after 120 seconds", "module": "robot_driver", "function": "execute_robot_script", "line": 569}
{"timestamp": "2025-08-15T16:12:59.511846", "level": "ERROR", "logger": "app.api.v1.task", "message": "Error during cleanup for resumed task 81a455b6-1469-4d23-8cd9-be1a305bfefe: object NoneType can't be used in 'await' expression", "module": "task", "function": "resume_task_background", "line": 1033}
{"timestamp": "2025-08-15T16:12:59.631891", "level": "ERROR", "logger": "task", "message": "Task 81a455b6-1469-4d23-8cd9-be1a305bfefe: Cleanup failed: object NoneType can't be used in 'await' expression", "module": "logging", "function": "log_to_file", "line": 226, "task_id": "81a455b6-1469-4d23-8cd9-be1a305bfefe", "source": "TASK"}
{"timestamp": "2025-08-15T16:30:48.715010", "level": "ERROR", "logger": "app.automation.robot.robot_driver", "message": "Robot Framework not found. Please install with: pip install robotframework", "module": "robot_driver", "function": "_verify_environment", "line": 59}
{"timestamp": "2025-08-15T16:30:48.717003", "level": "ERROR", "logger": "app.automation.robot.robot_driver", "message": "Error: ", "module": "robot_driver", "function": "_verify_environment", "line": 60}
{"timestamp": "2025-08-15T16:33:05.240320", "level": "ERROR", "logger": "app.automation.robot.robot_driver", "message": "Robot Framework not found. Please install with: pip install robotframework", "module": "robot_driver", "function": "_verify_environment", "line": 59}
{"timestamp": "2025-08-15T16:33:05.243316", "level": "ERROR", "logger": "app.automation.robot.robot_driver", "message": "Error: ", "module": "robot_driver", "function": "_verify_environment", "line": 60}
{"timestamp": "2025-08-15T16:35:23.741207", "level": "ERROR", "logger": "app.api.v1.task", "message": "Error during cleanup for resumed task c86eae7e-02a8-4096-8692-2d530b257ae8: object NoneType can't be used in 'await' expression", "module": "task", "function": "resume_task_background", "line": 1033}
{"timestamp": "2025-08-15T16:35:23.771216", "level": "ERROR", "logger": "task", "message": "Task c86eae7e-02a8-4096-8692-2d530b257ae8: Cleanup failed: object NoneType can't be used in 'await' expression", "module": "logging", "function": "log_to_file", "line": 226, "task_id": "c86eae7e-02a8-4096-8692-2d530b257ae8", "source": "TASK"}
{"timestamp": "2025-08-15T16:35:24.027315", "level": "ERROR", "logger": "concurrent.futures", "message": "exception calling callback for <Future at 0x1fc6f1f5190 state=finished returned InsertOneResult>", "module": "_base", "function": "_invoke_callbacks", "line": 342, "exception": "Traceback (most recent call last):\n  File \"C:\\Python311\\Lib\\concurrent\\futures\\_base.py\", line 340, in _invoke_callbacks\n    callback(self)\n  File \"C:\\Python311\\Lib\\asyncio\\futures.py\", line 401, in _call_set_state\n    dest_loop.call_soon_threadsafe(_set_state, destination, source)\n  File \"C:\\Python311\\Lib\\asyncio\\base_events.py\", line 803, in call_soon_threadsafe\n    self._check_closed()\n  File \"C:\\Python311\\Lib\\asyncio\\base_events.py\", line 519, in _check_closed\n    raise RuntimeError('Event loop is closed')\nRuntimeError: Event loop is closed"}
{"timestamp": "2025-08-15T16:35:24.029221", "level": "ERROR", "logger": "concurrent.futures", "message": "exception calling callback for <Future at 0x1fc6fb72410 state=finished returned InsertOneResult>", "module": "_base", "function": "_invoke_callbacks", "line": 342, "exception": "Traceback (most recent call last):\n  File \"C:\\Python311\\Lib\\concurrent\\futures\\_base.py\", line 340, in _invoke_callbacks\n    callback(self)\n  File \"C:\\Python311\\Lib\\asyncio\\futures.py\", line 401, in _call_set_state\n    dest_loop.call_soon_threadsafe(_set_state, destination, source)\n  File \"C:\\Python311\\Lib\\asyncio\\base_events.py\", line 803, in call_soon_threadsafe\n    self._check_closed()\n  File \"C:\\Python311\\Lib\\asyncio\\base_events.py\", line 519, in _check_closed\n    raise RuntimeError('Event loop is closed')\nRuntimeError: Event loop is closed"}
{"timestamp": "2025-08-15T16:35:38.904274", "level": "ERROR", "logger": "app.automation.robot.robot_driver", "message": "Robot command timed out after 120 seconds", "module": "robot_driver", "function": "_run_robot_command_with_timeout", "line": 215}
{"timestamp": "2025-08-15T16:35:38.941313", "level": "ERROR", "logger": "asyncio", "message": "Task was destroyed but it is pending!\ntask: <Task pending name='Task-435' coro=<log_to_db() done, defined at C:\\Users\\UK-PC\\Desktop\\AI driven cargo-wise automation framework\\cargowise-ai-backend\\app\\utils\\logging.py:123> wait_for=<Future pending cb=[_chain_future.<locals>._call_check_cancel() at C:\\Python311\\Lib\\asyncio\\futures.py:387, Task.task_wakeup()]>>", "module": "base_events", "function": "default_exception_handler", "line": 1757}
{"timestamp": "2025-08-15T16:35:38.944308", "level": "ERROR", "logger": "asyncio", "message": "Task was destroyed but it is pending!\ntask: <Task pending name='Task-436' coro=<log_to_db() done, defined at C:\\Users\\UK-PC\\Desktop\\AI driven cargo-wise automation framework\\cargowise-ai-backend\\app\\utils\\logging.py:123> wait_for=<Future pending cb=[_chain_future.<locals>._call_check_cancel() at C:\\Python311\\Lib\\asyncio\\futures.py:387, Task.task_wakeup()]>>", "module": "base_events", "function": "default_exception_handler", "line": 1757}
{"timestamp": "2025-08-15T17:21:07.123512", "level": "ERROR", "logger": "app.automation.robot.robot_driver", "message": "Robot Framework not found. Please install with: pip install robotframework", "module": "robot_driver", "function": "_verify_environment", "line": 59}
{"timestamp": "2025-08-15T17:21:07.127538", "level": "ERROR", "logger": "app.automation.robot.robot_driver", "message": "Error: ", "module": "robot_driver", "function": "_verify_environment", "line": 60}
{"timestamp": "2025-08-15T17:23:53.384641", "level": "ERROR", "logger": "app.automation.robot.robot_driver", "message": "Robot Framework not found. Please install with: pip install robotframework", "module": "robot_driver", "function": "_verify_environment", "line": 59}
{"timestamp": "2025-08-15T17:23:53.387655", "level": "ERROR", "logger": "app.automation.robot.robot_driver", "message": "Error: ", "module": "robot_driver", "function": "_verify_environment", "line": 60}
{"timestamp": "2025-08-15T17:24:16.536880", "level": "ERROR", "logger": "app.automation.robot.robot_driver", "message": "Robot command failed with return code 253", "module": "robot_driver", "function": "_run_robot_command_with_timeout", "line": 229}
{"timestamp": "2025-08-15T17:24:16.881505", "level": "ERROR", "logger": "app.automation.robot.robot_driver", "message": "STDOUT: ==============================================================================\nTmp7Enqqtxm                                                                   \n==============================================================================\nExecute Sikuli Task :: Execute Sikuli automation task                 Starting Sikuli Process...\nFStopping Sikuli Process...\n.\n                                                                              \nExecute Sikuli Task :: Execute Sikuli automation task                 | FAIL |\nSetup failed:\nExecution terminated by signal\n------------------------------------------------------------------------------\nTmp7Enqqtxm                                                           | FAIL |\n1 test, 0 passed, 1 failed\n==============================================================================\nOutput:  C:\\Users\\UK-PC\\AppData\\Local\\Temp\\tmp2jrmlhcy\\output.xml\n", "module": "robot_driver", "function": "_run_robot_command_with_timeout", "line": 230}
{"timestamp": "2025-08-15T17:24:16.904521", "level": "ERROR", "logger": "app.automation.robot.robot_driver", "message": "STDERR: Second signal will force exit.\n[ ERROR ] Execution stopped by user.\n", "module": "robot_driver", "function": "_run_robot_command_with_timeout", "line": 231}
{"timestamp": "2025-08-15T17:24:18.488040", "level": "ERROR", "logger": "app.api.v1.task", "message": "Task resumption was canceled for task ca5de630-a8c9-495b-bc7a-3d7607772a36", "module": "task", "function": "resume_task_background", "line": 988}
{"timestamp": "2025-08-15T17:24:20.929687", "level": "ERROR", "logger": "app.api.v1.task", "message": "Error during cleanup for resumed task ca5de630-a8c9-495b-bc7a-3d7607772a36: object NoneType can't be used in 'await' expression", "module": "task", "function": "resume_task_background", "line": 1033}
{"timestamp": "2025-08-15T17:24:20.945696", "level": "ERROR", "logger": "task", "message": "Task ca5de630-a8c9-495b-bc7a-3d7607772a36: Cleanup failed: object NoneType can't be used in 'await' expression", "module": "logging", "function": "log_to_file", "line": 226, "task_id": "ca5de630-a8c9-495b-bc7a-3d7607772a36", "source": "TASK"}
{"timestamp": "2025-08-15T17:24:20.959742", "level": "ERROR", "logger": "app.utils.logging", "message": "Error logging to database: Cannot use MongoClient after close", "module": "logging", "function": "log_to_db", "line": 168}
{"timestamp": "2025-08-15T17:24:20.990710", "level": "ERROR", "logger": "app.utils.logging", "message": "Traceback (most recent call last):\n  File \"C:\\Users\\UK-PC\\Desktop\\AI driven cargo-wise automation framework\\cargowise-ai-backend\\app\\utils\\logging.py\", line 166, in log_to_db\n    return await _log_repository.create_log(log_entry)\n           ^^^^^^^^^^^^^^^^^^^^^^^^^^^^^^^^^^^^^^^^^^^\n  File \"C:\\Users\\UK-PC\\Desktop\\AI driven cargo-wise automation framework\\cargowise-ai-backend\\app\\db\\repositories\\log_repository.py\", line 37, in create_log\n    return await self.create(log_entry)\n           ^^^^^^^^^^^^^^^^^^^^^^^^^^^^\n  File \"C:\\Users\\UK-PC\\Desktop\\AI driven cargo-wise automation framework\\cargowise-ai-backend\\app\\db\\repositories\\base_respository.py\", line 21, in create\n    await self.collection.insert_one(model_dict)\n  File \"C:\\Python311\\Lib\\concurrent\\futures\\thread.py\", line 58, in run\n    result = self.fn(*self.args, **self.kwargs)\n             ^^^^^^^^^^^^^^^^^^^^^^^^^^^^^^^^^^\n  File \"C:\\Users\\UK-PC\\Desktop\\AI driven cargo-wise automation framework\\venv\\Lib\\site-packages\\pymongo\\synchronous\\collection.py\", line 891, in insert_one\n    self._insert_one(\n  File \"C:\\Users\\UK-PC\\Desktop\\AI driven cargo-wise automation framework\\venv\\Lib\\site-packages\\pymongo\\synchronous\\collection.py\", line 831, in _insert_one\n    self._database.client._retryable_write(\n  File \"C:\\Users\\UK-PC\\Desktop\\AI driven cargo-wise automation framework\\venv\\Lib\\site-packages\\pymongo\\synchronous\\mongo_client.py\", line 2061, in _retryable_write\n    return self._retry_with_session(retryable, func, s, bulk, operation, operation_id)\n           ^^^^^^^^^^^^^^^^^^^^^^^^^^^^^^^^^^^^^^^^^^^^^^^^^^^^^^^^^^^^^^^^^^^^^^^^^^^\n  File \"C:\\Users\\UK-PC\\Desktop\\AI driven cargo-wise automation framework\\venv\\Lib\\site-packages\\pymongo\\synchronous\\mongo_client.py\", line 1947, in _retry_with_session\n    return self._retry_internal(\n           ^^^^^^^^^^^^^^^^^^^^^\n  File \"C:\\Users\\UK-PC\\Desktop\\AI driven cargo-wise automation framework\\venv\\Lib\\site-packages\\pymongo\\_csot.py\", line 119, in csot_wrapper\n    return func(self, *args, **kwargs)\n           ^^^^^^^^^^^^^^^^^^^^^^^^^^^\n  File \"C:\\Users\\UK-PC\\Desktop\\AI driven cargo-wise automation framework\\venv\\Lib\\site-packages\\pymongo\\synchronous\\mongo_client.py\", line 1993, in _retry_internal\n    ).run()\n      ^^^^^\n  File \"C:\\Users\\UK-PC\\Desktop\\AI driven cargo-wise automation framework\\venv\\Lib\\site-packages\\pymongo\\synchronous\\mongo_client.py\", line 2730, in run\n    return self._read() if self._is_read else self._write()\n                                              ^^^^^^^^^^^^^\n  File \"C:\\Users\\UK-PC\\Desktop\\AI driven cargo-wise automation framework\\venv\\Lib\\site-packages\\pymongo\\synchronous\\mongo_client.py\", line 2840, in _write\n    self._server = self._get_server()\n                   ^^^^^^^^^^^^^^^^^^\n  File \"C:\\Users\\UK-PC\\Desktop\\AI driven cargo-wise automation framework\\venv\\Lib\\site-packages\\pymongo\\synchronous\\mongo_client.py\", line 2823, in _get_server\n    return self._client._select_server(\n           ^^^^^^^^^^^^^^^^^^^^^^^^^^^^\n  File \"C:\\Users\\UK-PC\\Desktop\\AI driven cargo-wise automation framework\\venv\\Lib\\site-packages\\pymongo\\synchronous\\mongo_client.py\", line 1812, in _select_server\n    server = topology.select_server(\n             ^^^^^^^^^^^^^^^^^^^^^^^\n  File \"C:\\Users\\UK-PC\\Desktop\\AI driven cargo-wise automation framework\\venv\\Lib\\site-packages\\pymongo\\synchronous\\topology.py\", line 409, in select_server\n    server = self._select_server(\n             ^^^^^^^^^^^^^^^^^^^^\n  File \"C:\\Users\\UK-PC\\Desktop\\AI driven cargo-wise automation framework\\venv\\Lib\\site-packages\\pymongo\\synchronous\\topology.py\", line 387, in _select_server\n    servers = self.select_servers(\n              ^^^^^^^^^^^^^^^^^^^^\n  File \"C:\\Users\\UK-PC\\Desktop\\AI driven cargo-wise automation framework\\venv\\Lib\\site-packages\\pymongo\\synchronous\\topology.py\", line 294, in select_servers\n    server_descriptions = self._select_servers_loop(\n                          ^^^^^^^^^^^^^^^^^^^^^^^^^^\n  File \"C:\\Users\\UK-PC\\Desktop\\AI driven cargo-wise automation framework\\venv\\Lib\\site-packages\\pymongo\\synchronous\\topology.py\", line 361, in _select_servers_loop\n    self._ensure_opened()\n  File \"C:\\Users\\UK-PC\\Desktop\\AI driven cargo-wise automation framework\\venv\\Lib\\site-packages\\pymongo\\synchronous\\topology.py\", line 789, in _ensure_opened\n    raise InvalidOperation(\"Cannot use MongoClient after close\")\npymongo.errors.InvalidOperation: Cannot use MongoClient after close\n", "module": "logging", "function": "log_to_db", "line": 171}
{"timestamp": "2025-08-15T17:24:21.031697", "level": "ERROR", "logger": "app.utils.logging", "message": "Error logging to database: Cannot use MongoClient after close", "module": "logging", "function": "log_to_db", "line": 168}
{"timestamp": "2025-08-15T17:24:21.049701", "level": "ERROR", "logger": "app.utils.logging", "message": "Traceback (most recent call last):\n  File \"C:\\Users\\UK-PC\\Desktop\\AI driven cargo-wise automation framework\\cargowise-ai-backend\\app\\utils\\logging.py\", line 166, in log_to_db\n    return await _log_repository.create_log(log_entry)\n           ^^^^^^^^^^^^^^^^^^^^^^^^^^^^^^^^^^^^^^^^^^^\n  File \"C:\\Users\\UK-PC\\Desktop\\AI driven cargo-wise automation framework\\cargowise-ai-backend\\app\\db\\repositories\\log_repository.py\", line 37, in create_log\n    return await self.create(log_entry)\n           ^^^^^^^^^^^^^^^^^^^^^^^^^^^^\n  File \"C:\\Users\\UK-PC\\Desktop\\AI driven cargo-wise automation framework\\cargowise-ai-backend\\app\\db\\repositories\\base_respository.py\", line 21, in create\n    await self.collection.insert_one(model_dict)\n  File \"C:\\Python311\\Lib\\concurrent\\futures\\thread.py\", line 58, in run\n    result = self.fn(*self.args, **self.kwargs)\n             ^^^^^^^^^^^^^^^^^^^^^^^^^^^^^^^^^^\n  File \"C:\\Users\\UK-PC\\Desktop\\AI driven cargo-wise automation framework\\venv\\Lib\\site-packages\\pymongo\\synchronous\\collection.py\", line 891, in insert_one\n    self._insert_one(\n  File \"C:\\Users\\UK-PC\\Desktop\\AI driven cargo-wise automation framework\\venv\\Lib\\site-packages\\pymongo\\synchronous\\collection.py\", line 831, in _insert_one\n    self._database.client._retryable_write(\n  File \"C:\\Users\\UK-PC\\Desktop\\AI driven cargo-wise automation framework\\venv\\Lib\\site-packages\\pymongo\\synchronous\\mongo_client.py\", line 2061, in _retryable_write\n    return self._retry_with_session(retryable, func, s, bulk, operation, operation_id)\n           ^^^^^^^^^^^^^^^^^^^^^^^^^^^^^^^^^^^^^^^^^^^^^^^^^^^^^^^^^^^^^^^^^^^^^^^^^^^\n  File \"C:\\Users\\UK-PC\\Desktop\\AI driven cargo-wise automation framework\\venv\\Lib\\site-packages\\pymongo\\synchronous\\mongo_client.py\", line 1947, in _retry_with_session\n    return self._retry_internal(\n           ^^^^^^^^^^^^^^^^^^^^^\n  File \"C:\\Users\\UK-PC\\Desktop\\AI driven cargo-wise automation framework\\venv\\Lib\\site-packages\\pymongo\\_csot.py\", line 119, in csot_wrapper\n    return func(self, *args, **kwargs)\n           ^^^^^^^^^^^^^^^^^^^^^^^^^^^\n  File \"C:\\Users\\UK-PC\\Desktop\\AI driven cargo-wise automation framework\\venv\\Lib\\site-packages\\pymongo\\synchronous\\mongo_client.py\", line 1993, in _retry_internal\n    ).run()\n      ^^^^^\n  File \"C:\\Users\\UK-PC\\Desktop\\AI driven cargo-wise automation framework\\venv\\Lib\\site-packages\\pymongo\\synchronous\\mongo_client.py\", line 2730, in run\n    return self._read() if self._is_read else self._write()\n                                              ^^^^^^^^^^^^^\n  File \"C:\\Users\\UK-PC\\Desktop\\AI driven cargo-wise automation framework\\venv\\Lib\\site-packages\\pymongo\\synchronous\\mongo_client.py\", line 2840, in _write\n    self._server = self._get_server()\n                   ^^^^^^^^^^^^^^^^^^\n  File \"C:\\Users\\UK-PC\\Desktop\\AI driven cargo-wise automation framework\\venv\\Lib\\site-packages\\pymongo\\synchronous\\mongo_client.py\", line 2823, in _get_server\n    return self._client._select_server(\n           ^^^^^^^^^^^^^^^^^^^^^^^^^^^^\n  File \"C:\\Users\\UK-PC\\Desktop\\AI driven cargo-wise automation framework\\venv\\Lib\\site-packages\\pymongo\\synchronous\\mongo_client.py\", line 1812, in _select_server\n    server = topology.select_server(\n             ^^^^^^^^^^^^^^^^^^^^^^^\n  File \"C:\\Users\\UK-PC\\Desktop\\AI driven cargo-wise automation framework\\venv\\Lib\\site-packages\\pymongo\\synchronous\\topology.py\", line 409, in select_server\n    server = self._select_server(\n             ^^^^^^^^^^^^^^^^^^^^\n  File \"C:\\Users\\UK-PC\\Desktop\\AI driven cargo-wise automation framework\\venv\\Lib\\site-packages\\pymongo\\synchronous\\topology.py\", line 387, in _select_server\n    servers = self.select_servers(\n              ^^^^^^^^^^^^^^^^^^^^\n  File \"C:\\Users\\UK-PC\\Desktop\\AI driven cargo-wise automation framework\\venv\\Lib\\site-packages\\pymongo\\synchronous\\topology.py\", line 294, in select_servers\n    server_descriptions = self._select_servers_loop(\n                          ^^^^^^^^^^^^^^^^^^^^^^^^^^\n  File \"C:\\Users\\UK-PC\\Desktop\\AI driven cargo-wise automation framework\\venv\\Lib\\site-packages\\pymongo\\synchronous\\topology.py\", line 361, in _select_servers_loop\n    self._ensure_opened()\n  File \"C:\\Users\\UK-PC\\Desktop\\AI driven cargo-wise automation framework\\venv\\Lib\\site-packages\\pymongo\\synchronous\\topology.py\", line 789, in _ensure_opened\n    raise InvalidOperation(\"Cannot use MongoClient after close\")\npymongo.errors.InvalidOperation: Cannot use MongoClient after close\n", "module": "logging", "function": "log_to_db", "line": 171}
{"timestamp": "2025-08-15T17:25:57.650682", "level": "ERROR", "logger": "app.automation.robot.robot_driver", "message": "Robot Framework not found. Please install with: pip install robotframework", "module": "robot_driver", "function": "_verify_environment", "line": 59}
{"timestamp": "2025-08-15T17:25:57.652670", "level": "ERROR", "logger": "app.automation.robot.robot_driver", "message": "Error: ", "module": "robot_driver", "function": "_verify_environment", "line": 60}
{"timestamp": "2025-08-15T17:28:11.285765", "level": "ERROR", "logger": "app.automation.robot.robot_driver", "message": "Robot Framework not found. Please install with: pip install robotframework", "module": "robot_driver", "function": "_verify_environment", "line": 59}
{"timestamp": "2025-08-15T17:28:11.287756", "level": "ERROR", "logger": "app.automation.robot.robot_driver", "message": "Error: ", "module": "robot_driver", "function": "_verify_environment", "line": 60}
{"timestamp": "2025-08-15T17:30:42.049382", "level": "ERROR", "logger": "app.automation.robot.robot_driver", "message": "Robot command timed out after 120 seconds", "module": "robot_driver", "function": "_run_robot_command_with_timeout", "line": 215}
{"timestamp": "2025-08-15T17:30:42.776352", "level": "ERROR", "logger": "app.automation.robot.robot_driver", "message": "Robot execution failed: Command timed out after 120 seconds", "module": "robot_driver", "function": "execute_robot_script", "line": 569}
{"timestamp": "2025-08-15T17:30:49.313088", "level": "ERROR", "logger": "app.api.v1.task", "message": "Error during cleanup for resumed task 08de259d-d30c-46f1-b8b6-3ad7fff1f76e: object NoneType can't be used in 'await' expression", "module": "task", "function": "resume_task_background", "line": 1033}
{"timestamp": "2025-08-15T17:30:49.326782", "level": "ERROR", "logger": "task", "message": "Task 08de259d-d30c-46f1-b8b6-3ad7fff1f76e: Cleanup failed: object NoneType can't be used in 'await' expression", "module": "logging", "function": "log_to_file", "line": 226, "task_id": "08de259d-d30c-46f1-b8b6-3ad7fff1f76e", "source": "TASK"}
{"timestamp": "2025-08-15T17:32:59.476004", "level": "ERROR", "logger": "app.automation.robot.robot_driver", "message": "Robot Framework not found. Please install with: pip install robotframework", "module": "robot_driver", "function": "_verify_environment", "line": 59}
{"timestamp": "2025-08-15T17:32:59.479000", "level": "ERROR", "logger": "app.automation.robot.robot_driver", "message": "Error: ", "module": "robot_driver", "function": "_verify_environment", "line": 60}
{"timestamp": "2025-08-15T17:35:22.440507", "level": "ERROR", "logger": "app.automation.robot.robot_driver", "message": "Robot Framework not found. Please install with: pip install robotframework", "module": "robot_driver", "function": "_verify_environment", "line": 59}
{"timestamp": "2025-08-15T17:35:22.443497", "level": "ERROR", "logger": "app.automation.robot.robot_driver", "message": "Error: ", "module": "robot_driver", "function": "_verify_environment", "line": 60}
{"timestamp": "2025-08-15T17:37:48.239409", "level": "ERROR", "logger": "app.automation.robot.robot_driver", "message": "Robot command timed out after 120 seconds", "module": "robot_driver", "function": "_run_robot_command_with_timeout", "line": 215}
{"timestamp": "2025-08-15T17:37:48.656895", "level": "ERROR", "logger": "app.automation.robot.robot_driver", "message": "Robot execution failed: Command timed out after 120 seconds", "module": "robot_driver", "function": "execute_robot_script", "line": 569}
{"timestamp": "2025-08-15T17:37:53.650496", "level": "ERROR", "logger": "app.api.v1.task", "message": "Error during cleanup for resumed task 53277f4c-cc1d-4ed6-80dc-7ee2398c9dae: object NoneType can't be used in 'await' expression", "module": "task", "function": "resume_task_background", "line": 1033}
{"timestamp": "2025-08-15T17:37:53.660493", "level": "ERROR", "logger": "task", "message": "Task 53277f4c-cc1d-4ed6-80dc-7ee2398c9dae: Cleanup failed: object NoneType can't be used in 'await' expression", "module": "logging", "function": "log_to_file", "line": 226, "task_id": "53277f4c-cc1d-4ed6-80dc-7ee2398c9dae", "source": "TASK"}
{"timestamp": "2025-08-15T17:43:40.384162", "level": "ERROR", "logger": "app.automation.robot.robot_driver", "message": "Robot Framework not found. Please install with: pip install robotframework", "module": "robot_driver", "function": "_verify_environment", "line": 59}
{"timestamp": "2025-08-15T17:43:40.387155", "level": "ERROR", "logger": "app.automation.robot.robot_driver", "message": "Error: ", "module": "robot_driver", "function": "_verify_environment", "line": 60}
{"timestamp": "2025-08-15T17:46:06.395926", "level": "ERROR", "logger": "app.api.v1.task", "message": "Task resumption was canceled for task ff577421-d103-4642-9bf3-d125bb75baee", "module": "task", "function": "resume_task_background", "line": 988}
{"timestamp": "2025-08-15T17:46:11.667807", "level": "ERROR", "logger": "app.automation.robot.robot_driver", "message": "Robot command failed with return code 3221225786", "module": "robot_driver", "function": "_run_robot_command_with_timeout", "line": 229}
{"timestamp": "2025-08-15T17:46:11.671793", "level": "ERROR", "logger": "app.automation.robot.robot_driver", "message": "STDOUT: ==============================================================================\nTmpsj0Wpqvc                                                                   \n==============================================================================\nExecute Sikuli Task :: Execute Sikuli automation task                 Starting Sikuli Process...\nAdding image path: C:\\Users\\UK-PC\\Desktop\\AI driven cargo-wise automation framework\\cargowise-ai-backend\\cargowise_images\nLaunching application: C:\\Program Files (x86)\\WiseTech Global\\WiseCloud Client\\WiseCloudClient.exe\nApplication launch initiated at 2025-08-15 17:44:00.431\nApplication should be started now\n.Task execution started at 2025-08-15 17:44:15.460\nRunning keyword with timeout: Run Sikuli Task (115s)\nExecuting Sikuli task...\nTask started at 2025-08-15 17:44:15.508\nStep 1: Click\nScreenshot saved: C:\\Users\\UK-PC\\Desktop\\AI driven cargo-wise automation framework\\cargowise-ai-backend\\screenshots\\ff577421-d103-4642-9bf3-d125bb75baee/step_1_20250815_174418.png\nStep 1 completed in 3.381s\nStep 2: Input TextScreenshot saved: C:\\Users\\UK-PC\\Desktop\\AI driven cargo-wise automation framework\\cargowise-ai-backend\\screenshots\\ff577421-d103-4642-9bf3-d125bb75baee/step_2_20250815_174422.png\nStep 2 completed in 3.273s\nStep 3: Click\nScreenshot saved: C:\\Users\\UK-PC\\Desktop\\AI driven cargo-wise automation framework\\cargowise-ai-backend\\screenshots\\ff577421-d103-4642-9bf3-d125bb75baee/step_3_20250815_174426.png\nStep 3 completed in 2.044s\nStep 4: Double Click\nScreenshot saved: C:\\Users\\UK-PC\\Desktop\\AI driven cargo-wise automation framework\\cargowise-ai-backend\\screenshots\\ff577421-d103-4642-9bf3-d125bb75baee/step_4_20250815_174438.png\nStep 4 completed in 1.814s\nStep 5: Click\nExecuting Sikuli task...\nTask started at 2025-08-15 17:45:42.903\nStep 1: Click\nExecuting Sikuli task...\nTask started at 2025-08-15 17:45:47.341\nStep 1: Click\nExecuting Sikuli task...\nTask started at 2025-08-15 17:45:51.793\nStep 1: Click\nExecuting Sikuli task...\nTask started at 2025-08-15 17:45:56.444\nStep 1: Click\nExecuting Sikuli task...\nTask started at 2025-08-15 17:46:01.080\nStep 1: Click\n\n                                                                              \nExecute Sikuli Task :: Execute Sikuli automation task                 ", "module": "robot_driver", "function": "_run_robot_command_with_timeout", "line": 230}
{"timestamp": "2025-08-15T17:46:11.698815", "level": "ERROR", "logger": "app.automation.robot.robot_driver", "message": "STDERR: Second signal will force exit.\nExecution forcefully stopped.\n[ ERROR ] Execution stopped by user.\n", "module": "robot_driver", "function": "_run_robot_command_with_timeout", "line": 231}
{"timestamp": "2025-08-15T17:49:02.800903", "level": "ERROR", "logger": "app.automation.robot.robot_driver", "message": "Robot Framework not found. Please install with: pip install robotframework", "module": "robot_driver", "function": "_verify_environment", "line": 59}
{"timestamp": "2025-08-15T17:49:02.807914", "level": "ERROR", "logger": "app.automation.robot.robot_driver", "message": "Error: ", "module": "robot_driver", "function": "_verify_environment", "line": 60}
{"timestamp": "2025-08-15T17:51:27.787015", "level": "ERROR", "logger": "app.automation.robot.robot_driver", "message": "Robot Framework not found. Please install with: pip install robotframework", "module": "robot_driver", "function": "_verify_environment", "line": 59}
{"timestamp": "2025-08-15T17:51:27.790017", "level": "ERROR", "logger": "app.automation.robot.robot_driver", "message": "Error: ", "module": "robot_driver", "function": "_verify_environment", "line": 60}
{"timestamp": "2025-08-15T17:53:52.726042", "level": "ERROR", "logger": "app.automation.robot.robot_driver", "message": "Robot command timed out after 120 seconds", "module": "robot_driver", "function": "_run_robot_command_with_timeout", "line": 215}
{"timestamp": "2025-08-15T17:53:53.175047", "level": "ERROR", "logger": "app.automation.robot.robot_driver", "message": "Robot execution failed: Command timed out after 120 seconds", "module": "robot_driver", "function": "execute_robot_script", "line": 569}
{"timestamp": "2025-08-15T17:54:00.172223", "level": "ERROR", "logger": "app.api.v1.task", "message": "Error during cleanup for resumed task 27b18e2a-a698-49b1-9ac3-9a3cd6dfb517: object NoneType can't be used in 'await' expression", "module": "task", "function": "resume_task_background", "line": 1033}
{"timestamp": "2025-08-15T17:54:00.186230", "level": "ERROR", "logger": "task", "message": "Task 27b18e2a-a698-49b1-9ac3-9a3cd6dfb517: Cleanup failed: object NoneType can't be used in 'await' expression", "module": "logging", "function": "log_to_file", "line": 226, "task_id": "27b18e2a-a698-49b1-9ac3-9a3cd6dfb517", "source": "TASK"}
{"timestamp": "2025-08-15T18:05:13.121311", "level": "ERROR", "logger": "app.automation.robot.robot_driver", "message": "Robot Framework not found. Please install with: pip install robotframework", "module": "robot_driver", "function": "_verify_environment", "line": 59}
{"timestamp": "2025-08-15T18:05:13.124307", "level": "ERROR", "logger": "app.automation.robot.robot_driver", "message": "Error: ", "module": "robot_driver", "function": "_verify_environment", "line": 60}
{"timestamp": "2025-08-15T18:09:37.378377", "level": "ERROR", "logger": "app.automation.robot.robot_driver", "message": "Robot Framework not found. Please install with: pip install robotframework", "module": "robot_driver", "function": "_verify_environment", "line": 59}
{"timestamp": "2025-08-15T18:09:37.381384", "level": "ERROR", "logger": "app.automation.robot.robot_driver", "message": "Error: ", "module": "robot_driver", "function": "_verify_environment", "line": 60}
{"timestamp": "2025-08-15T18:12:22.409153", "level": "ERROR", "logger": "app.automation.robot.robot_driver", "message": "Robot Framework not found. Please install with: pip install robotframework", "module": "robot_driver", "function": "_verify_environment", "line": 59}
{"timestamp": "2025-08-15T18:12:22.411170", "level": "ERROR", "logger": "app.automation.robot.robot_driver", "message": "Error: ", "module": "robot_driver", "function": "_verify_environment", "line": 60}
{"timestamp": "2025-08-15T18:13:46.102018", "level": "ERROR", "logger": "app.automation.robot.robot_driver", "message": "Robot command failed with return code 253", "module": "robot_driver", "function": "_run_robot_command_with_timeout", "line": 229}
{"timestamp": "2025-08-15T18:13:46.185491", "level": "ERROR", "logger": "app.automation.robot.robot_driver", "message": "STDOUT: ==============================================================================\nTmpnl2Gayfc                                                                   \n==============================================================================\nExecute Sikuli Task :: Execute Sikuli automation task                 Starting Sikuli Process...\nAdding image path: C:\\Users\\UK-PC\\Desktop\\AI driven cargo-wise automation framework\\cargowise-ai-backend\\cargowise_images\nLaunching application: C:\\Program Files (x86)\\WiseTech Global\\WiseCloud Client\\WiseCloudClient.exe\nApplication launch initiated at 2025-08-15 18:12:42.191\nApplication should be started now\n.Task execution started at 2025-08-15 18:12:57.210\nRunning keyword with timeout: Run Sikuli Task (115s)\nExecuting Sikuli task...\nTask started at 2025-08-15 18:12:57.244\nStep 1: # Click New Order\nScreenshot saved: C:\\Users\\UK-PC\\Desktop\\AI driven cargo-wise automation framework\\cargowise-ai-backend\\screenshots\\93baaf37-2bd1-48c8-8f18-b43b88ca69eb/step_1_20250815_181257.png\nStep 1 completed in 0.495s\nStep 2: Click\nScreenshot saved: C:\\Users\\UK-PC\\Desktop\\AI driven cargo-wise automation framework\\cargowise-ai-backend\\screenshots\\93baaf37-2bd1-48c8-8f18-b43b88ca69eb/step_2_20250815_181300.png\nStep 2 completed in 2.89s\nStep 3: Click\nExecuting Sikuli task...\nTask started at 2025-08-15 18:13:08.156\nStep 1: # Click New Order\nScreenshot saved: C:\\Users\\UK-PC\\Desktop\\AI driven cargo-wise automation framework\\cargowise-ai-backend\\screenshots\\93baaf37-2bd1-48c8-8f18-b43b88ca69eb/step_1_20250815_181308.png\nStep 1 completed in 0.306s\nStep 2: Click\nScreenshot saved: C:\\Users\\UK-PC\\Desktop\\AI driven cargo-wise automation framework\\cargowise-ai-backend\\screenshots\\93baaf37-2bd1-48c8-8f18-b43b88ca69eb/step_2_20250815_181309.png\nStep 2 completed in 1.115s\nStep 3: Click\nExecuting Sikuli task...\nTask started at 2025-08-15 18:13:16.953\nStep 1: # Click New Order\nScreenshot saved: C:\\Users\\UK-PC\\Desktop\\AI driven cargo-wise automation framework\\cargowise-ai-backend\\screenshots\\93baaf37-2bd1-48c8-8f18-b43b88ca69eb/step_1_20250815_181316.png\nStep 1 completed in 0.324s\nStep 2: Click\nScreenshot saved: C:\\Users\\UK-PC\\Desktop\\AI driven cargo-wise automation framework\\cargowise-ai-backend\\screenshots\\93baaf37-2bd1-48c8-8f18-b43b88ca69eb/step_2_20250815_181318.png\nStep 2 completed in 1.148s\nStep 3: Click\nExecuting Sikuli task...\nTask started at 2025-08-15 18:13:25.824\nStep 1: # Click New Order\nScreenshot saved: C:\\Users\\UK-PC\\Desktop\\AI driven cargo-wise automation framework\\cargowise-ai-backend\\screenshots\\93baaf37-2bd1-48c8-8f18-b43b88ca69eb/step_1_20250815_181325.png\nStep 1 completed in 0.251s\nStep 2: Click\nScreenshot saved: C:\\Users\\UK-PC\\Desktop\\AI driven cargo-wise automation framework\\cargowise-ai-backend\\screenshots\\93baaf37-2bd1-48c8-8f18-b43b88ca69eb/step_2_20250815_181326.png\nStep 2 completed in 1.072s\nStep 3: Click\nExecuting Sikuli task...\nTask started at 2025-08-15 18:13:34.789\nStep 1: # Click New Order\nScreenshot saved: C:\\Users\\UK-PC\\Desktop\\AI driven cargo-wise automation framework\\cargowise-ai-backend\\screenshots\\93baaf37-2bd1-48c8-8f18-b43b88ca69eb/step_1_20250815_181334.png\nStep 1 completed in 0.228s\nStep 2: Click\nScreenshot saved: C:\\Users\\UK-PC\\Desktop\\AI driven cargo-wise automation framework\\cargowise-ai-backend\\screenshots\\93baaf37-2bd1-48c8-8f18-b43b88ca69eb/step_2_20250815_181335.png\nStep 2 completed in 1.108s\nStep 3: Click\n\n                                                                              \nExecute Sikuli Task :: Execute Sikuli automation task                 ", "module": "robot_driver", "function": "_run_robot_command_with_timeout", "line": 230}
{"timestamp": "2025-08-15T18:13:46.386508", "level": "ERROR", "logger": "app.automation.robot.robot_driver", "message": "STDERR: Second signal will force exit.\nExecution forcefully stopped.\n[ ERROR ] Execution stopped by user.\n", "module": "robot_driver", "function": "_run_robot_command_with_timeout", "line": 231}
{"timestamp": "2025-08-15T18:13:47.020751", "level": "ERROR", "logger": "app.api.v1.task", "message": "Task resumption was canceled for task 93baaf37-2bd1-48c8-8f18-b43b88ca69eb", "module": "task", "function": "resume_task_background", "line": 988}
{"timestamp": "2025-08-15T18:13:53.224703", "level": "ERROR", "logger": "app.api.v1.task", "message": "Error during cleanup for resumed task 93baaf37-2bd1-48c8-8f18-b43b88ca69eb: object NoneType can't be used in 'await' expression", "module": "task", "function": "resume_task_background", "line": 1033}
{"timestamp": "2025-08-15T18:13:53.309744", "level": "ERROR", "logger": "task", "message": "Task 93baaf37-2bd1-48c8-8f18-b43b88ca69eb: Cleanup failed: object NoneType can't be used in 'await' expression", "module": "logging", "function": "log_to_file", "line": 226, "task_id": "93baaf37-2bd1-48c8-8f18-b43b88ca69eb", "source": "TASK"}
{"timestamp": "2025-08-15T18:13:53.322701", "level": "ERROR", "logger": "app.utils.logging", "message": "Error logging to database: Cannot use MongoClient after close", "module": "logging", "function": "log_to_db", "line": 168}
{"timestamp": "2025-08-15T18:13:53.366333", "level": "ERROR", "logger": "app.utils.logging", "message": "Traceback (most recent call last):\n  File \"C:\\Users\\UK-PC\\Desktop\\AI driven cargo-wise automation framework\\cargowise-ai-backend\\app\\utils\\logging.py\", line 166, in log_to_db\n    return await _log_repository.create_log(log_entry)\n           ^^^^^^^^^^^^^^^^^^^^^^^^^^^^^^^^^^^^^^^^^^^\n  File \"C:\\Users\\UK-PC\\Desktop\\AI driven cargo-wise automation framework\\cargowise-ai-backend\\app\\db\\repositories\\log_repository.py\", line 37, in create_log\n    return await self.create(log_entry)\n           ^^^^^^^^^^^^^^^^^^^^^^^^^^^^\n  File \"C:\\Users\\UK-PC\\Desktop\\AI driven cargo-wise automation framework\\cargowise-ai-backend\\app\\db\\repositories\\base_respository.py\", line 21, in create\n    await self.collection.insert_one(model_dict)\n  File \"C:\\Python311\\Lib\\concurrent\\futures\\thread.py\", line 58, in run\n    result = self.fn(*self.args, **self.kwargs)\n             ^^^^^^^^^^^^^^^^^^^^^^^^^^^^^^^^^^\n  File \"C:\\Users\\UK-PC\\Desktop\\AI driven cargo-wise automation framework\\venv\\Lib\\site-packages\\pymongo\\synchronous\\collection.py\", line 891, in insert_one\n    self._insert_one(\n  File \"C:\\Users\\UK-PC\\Desktop\\AI driven cargo-wise automation framework\\venv\\Lib\\site-packages\\pymongo\\synchronous\\collection.py\", line 831, in _insert_one\n    self._database.client._retryable_write(\n  File \"C:\\Users\\UK-PC\\Desktop\\AI driven cargo-wise automation framework\\venv\\Lib\\site-packages\\pymongo\\synchronous\\mongo_client.py\", line 2061, in _retryable_write\n    return self._retry_with_session(retryable, func, s, bulk, operation, operation_id)\n           ^^^^^^^^^^^^^^^^^^^^^^^^^^^^^^^^^^^^^^^^^^^^^^^^^^^^^^^^^^^^^^^^^^^^^^^^^^^\n  File \"C:\\Users\\UK-PC\\Desktop\\AI driven cargo-wise automation framework\\venv\\Lib\\site-packages\\pymongo\\synchronous\\mongo_client.py\", line 1947, in _retry_with_session\n    return self._retry_internal(\n           ^^^^^^^^^^^^^^^^^^^^^\n  File \"C:\\Users\\UK-PC\\Desktop\\AI driven cargo-wise automation framework\\venv\\Lib\\site-packages\\pymongo\\_csot.py\", line 119, in csot_wrapper\n    return func(self, *args, **kwargs)\n           ^^^^^^^^^^^^^^^^^^^^^^^^^^^\n  File \"C:\\Users\\UK-PC\\Desktop\\AI driven cargo-wise automation framework\\venv\\Lib\\site-packages\\pymongo\\synchronous\\mongo_client.py\", line 1993, in _retry_internal\n    ).run()\n      ^^^^^\n  File \"C:\\Users\\UK-PC\\Desktop\\AI driven cargo-wise automation framework\\venv\\Lib\\site-packages\\pymongo\\synchronous\\mongo_client.py\", line 2730, in run\n    return self._read() if self._is_read else self._write()\n                                              ^^^^^^^^^^^^^\n  File \"C:\\Users\\UK-PC\\Desktop\\AI driven cargo-wise automation framework\\venv\\Lib\\site-packages\\pymongo\\synchronous\\mongo_client.py\", line 2840, in _write\n    self._server = self._get_server()\n                   ^^^^^^^^^^^^^^^^^^\n  File \"C:\\Users\\UK-PC\\Desktop\\AI driven cargo-wise automation framework\\venv\\Lib\\site-packages\\pymongo\\synchronous\\mongo_client.py\", line 2823, in _get_server\n    return self._client._select_server(\n           ^^^^^^^^^^^^^^^^^^^^^^^^^^^^\n  File \"C:\\Users\\UK-PC\\Desktop\\AI driven cargo-wise automation framework\\venv\\Lib\\site-packages\\pymongo\\synchronous\\mongo_client.py\", line 1812, in _select_server\n    server = topology.select_server(\n             ^^^^^^^^^^^^^^^^^^^^^^^\n  File \"C:\\Users\\UK-PC\\Desktop\\AI driven cargo-wise automation framework\\venv\\Lib\\site-packages\\pymongo\\synchronous\\topology.py\", line 409, in select_server\n    server = self._select_server(\n             ^^^^^^^^^^^^^^^^^^^^\n  File \"C:\\Users\\UK-PC\\Desktop\\AI driven cargo-wise automation framework\\venv\\Lib\\site-packages\\pymongo\\synchronous\\topology.py\", line 387, in _select_server\n    servers = self.select_servers(\n              ^^^^^^^^^^^^^^^^^^^^\n  File \"C:\\Users\\UK-PC\\Desktop\\AI driven cargo-wise automation framework\\venv\\Lib\\site-packages\\pymongo\\synchronous\\topology.py\", line 294, in select_servers\n    server_descriptions = self._select_servers_loop(\n                          ^^^^^^^^^^^^^^^^^^^^^^^^^^\n  File \"C:\\Users\\UK-PC\\Desktop\\AI driven cargo-wise automation framework\\venv\\Lib\\site-packages\\pymongo\\synchronous\\topology.py\", line 361, in _select_servers_loop\n    self._ensure_opened()\n  File \"C:\\Users\\UK-PC\\Desktop\\AI driven cargo-wise automation framework\\venv\\Lib\\site-packages\\pymongo\\synchronous\\topology.py\", line 789, in _ensure_opened\n    raise InvalidOperation(\"Cannot use MongoClient after close\")\npymongo.errors.InvalidOperation: Cannot use MongoClient after close\n", "module": "logging", "function": "log_to_db", "line": 171}
{"timestamp": "2025-08-15T18:13:53.694877", "level": "ERROR", "logger": "app.utils.logging", "message": "Error logging to database: Cannot use MongoClient after close", "module": "logging", "function": "log_to_db", "line": 168}
{"timestamp": "2025-08-15T18:13:53.727769", "level": "ERROR", "logger": "app.utils.logging", "message": "Traceback (most recent call last):\n  File \"C:\\Users\\UK-PC\\Desktop\\AI driven cargo-wise automation framework\\cargowise-ai-backend\\app\\utils\\logging.py\", line 166, in log_to_db\n    return await _log_repository.create_log(log_entry)\n           ^^^^^^^^^^^^^^^^^^^^^^^^^^^^^^^^^^^^^^^^^^^\n  File \"C:\\Users\\UK-PC\\Desktop\\AI driven cargo-wise automation framework\\cargowise-ai-backend\\app\\db\\repositories\\log_repository.py\", line 37, in create_log\n    return await self.create(log_entry)\n           ^^^^^^^^^^^^^^^^^^^^^^^^^^^^\n  File \"C:\\Users\\UK-PC\\Desktop\\AI driven cargo-wise automation framework\\cargowise-ai-backend\\app\\db\\repositories\\base_respository.py\", line 21, in create\n    await self.collection.insert_one(model_dict)\n  File \"C:\\Python311\\Lib\\concurrent\\futures\\thread.py\", line 58, in run\n    result = self.fn(*self.args, **self.kwargs)\n             ^^^^^^^^^^^^^^^^^^^^^^^^^^^^^^^^^^\n  File \"C:\\Users\\UK-PC\\Desktop\\AI driven cargo-wise automation framework\\venv\\Lib\\site-packages\\pymongo\\synchronous\\collection.py\", line 891, in insert_one\n    self._insert_one(\n  File \"C:\\Users\\UK-PC\\Desktop\\AI driven cargo-wise automation framework\\venv\\Lib\\site-packages\\pymongo\\synchronous\\collection.py\", line 831, in _insert_one\n    self._database.client._retryable_write(\n  File \"C:\\Users\\UK-PC\\Desktop\\AI driven cargo-wise automation framework\\venv\\Lib\\site-packages\\pymongo\\synchronous\\mongo_client.py\", line 2061, in _retryable_write\n    return self._retry_with_session(retryable, func, s, bulk, operation, operation_id)\n           ^^^^^^^^^^^^^^^^^^^^^^^^^^^^^^^^^^^^^^^^^^^^^^^^^^^^^^^^^^^^^^^^^^^^^^^^^^^\n  File \"C:\\Users\\UK-PC\\Desktop\\AI driven cargo-wise automation framework\\venv\\Lib\\site-packages\\pymongo\\synchronous\\mongo_client.py\", line 1947, in _retry_with_session\n    return self._retry_internal(\n           ^^^^^^^^^^^^^^^^^^^^^\n  File \"C:\\Users\\UK-PC\\Desktop\\AI driven cargo-wise automation framework\\venv\\Lib\\site-packages\\pymongo\\_csot.py\", line 119, in csot_wrapper\n    return func(self, *args, **kwargs)\n           ^^^^^^^^^^^^^^^^^^^^^^^^^^^\n  File \"C:\\Users\\UK-PC\\Desktop\\AI driven cargo-wise automation framework\\venv\\Lib\\site-packages\\pymongo\\synchronous\\mongo_client.py\", line 1993, in _retry_internal\n    ).run()\n      ^^^^^\n  File \"C:\\Users\\UK-PC\\Desktop\\AI driven cargo-wise automation framework\\venv\\Lib\\site-packages\\pymongo\\synchronous\\mongo_client.py\", line 2730, in run\n    return self._read() if self._is_read else self._write()\n                                              ^^^^^^^^^^^^^\n  File \"C:\\Users\\UK-PC\\Desktop\\AI driven cargo-wise automation framework\\venv\\Lib\\site-packages\\pymongo\\synchronous\\mongo_client.py\", line 2840, in _write\n    self._server = self._get_server()\n                   ^^^^^^^^^^^^^^^^^^\n  File \"C:\\Users\\UK-PC\\Desktop\\AI driven cargo-wise automation framework\\venv\\Lib\\site-packages\\pymongo\\synchronous\\mongo_client.py\", line 2823, in _get_server\n    return self._client._select_server(\n           ^^^^^^^^^^^^^^^^^^^^^^^^^^^^\n  File \"C:\\Users\\UK-PC\\Desktop\\AI driven cargo-wise automation framework\\venv\\Lib\\site-packages\\pymongo\\synchronous\\mongo_client.py\", line 1812, in _select_server\n    server = topology.select_server(\n             ^^^^^^^^^^^^^^^^^^^^^^^\n  File \"C:\\Users\\UK-PC\\Desktop\\AI driven cargo-wise automation framework\\venv\\Lib\\site-packages\\pymongo\\synchronous\\topology.py\", line 409, in select_server\n    server = self._select_server(\n             ^^^^^^^^^^^^^^^^^^^^\n  File \"C:\\Users\\UK-PC\\Desktop\\AI driven cargo-wise automation framework\\venv\\Lib\\site-packages\\pymongo\\synchronous\\topology.py\", line 387, in _select_server\n    servers = self.select_servers(\n              ^^^^^^^^^^^^^^^^^^^^\n  File \"C:\\Users\\UK-PC\\Desktop\\AI driven cargo-wise automation framework\\venv\\Lib\\site-packages\\pymongo\\synchronous\\topology.py\", line 294, in select_servers\n    server_descriptions = self._select_servers_loop(\n                          ^^^^^^^^^^^^^^^^^^^^^^^^^^\n  File \"C:\\Users\\UK-PC\\Desktop\\AI driven cargo-wise automation framework\\venv\\Lib\\site-packages\\pymongo\\synchronous\\topology.py\", line 361, in _select_servers_loop\n    self._ensure_opened()\n  File \"C:\\Users\\UK-PC\\Desktop\\AI driven cargo-wise automation framework\\venv\\Lib\\site-packages\\pymongo\\synchronous\\topology.py\", line 789, in _ensure_opened\n    raise InvalidOperation(\"Cannot use MongoClient after close\")\npymongo.errors.InvalidOperation: Cannot use MongoClient after close\n", "module": "logging", "function": "log_to_db", "line": 171}
{"timestamp": "2025-08-15T18:15:44.676569", "level": "ERROR", "logger": "app.automation.robot.robot_driver", "message": "Robot Framework not found. Please install with: pip install robotframework", "module": "robot_driver", "function": "_verify_environment", "line": 59}
{"timestamp": "2025-08-15T18:15:44.684573", "level": "ERROR", "logger": "app.automation.robot.robot_driver", "message": "Error: ", "module": "robot_driver", "function": "_verify_environment", "line": 60}
{"timestamp": "2025-08-15T18:17:58.642442", "level": "ERROR", "logger": "app.automation.robot.robot_driver", "message": "Robot Framework not found. Please install with: pip install robotframework", "module": "robot_driver", "function": "_verify_environment", "line": 59}
{"timestamp": "2025-08-15T18:17:58.644451", "level": "ERROR", "logger": "app.automation.robot.robot_driver", "message": "Error: ", "module": "robot_driver", "function": "_verify_environment", "line": 60}
{"timestamp": "2025-08-15T18:20:25.316262", "level": "ERROR", "logger": "app.automation.robot.robot_driver", "message": "Robot command timed out after 120 seconds", "module": "robot_driver", "function": "_run_robot_command_with_timeout", "line": 215}
{"timestamp": "2025-08-15T18:20:25.684767", "level": "ERROR", "logger": "app.automation.robot.robot_driver", "message": "Robot execution failed: Command timed out after 120 seconds", "module": "robot_driver", "function": "execute_robot_script", "line": 569}
{"timestamp": "2025-08-15T18:20:32.134982", "level": "ERROR", "logger": "app.api.v1.task", "message": "Error during cleanup for resumed task 86eb7381-6c24-48d1-8239-c6afb06affe6: object NoneType can't be used in 'await' expression", "module": "task", "function": "resume_task_background", "line": 1033}
{"timestamp": "2025-08-15T18:20:32.140996", "level": "ERROR", "logger": "task", "message": "Task 86eb7381-6c24-48d1-8239-c6afb06affe6: Cleanup failed: object NoneType can't be used in 'await' expression", "module": "logging", "function": "log_to_file", "line": 226, "task_id": "86eb7381-6c24-48d1-8239-c6afb06affe6", "source": "TASK"}
{"timestamp": "2025-08-15T18:24:32.422188", "level": "ERROR", "logger": "app.automation.robot.robot_driver", "message": "Robot Framework not found. Please install with: pip install robotframework", "module": "robot_driver", "function": "_verify_environment", "line": 59}
{"timestamp": "2025-08-15T18:24:32.426174", "level": "ERROR", "logger": "app.automation.robot.robot_driver", "message": "Error: ", "module": "robot_driver", "function": "_verify_environment", "line": 60}
{"timestamp": "2025-08-15T18:26:48.061193", "level": "ERROR", "logger": "app.automation.robot.robot_driver", "message": "Robot Framework not found. Please install with: pip install robotframework", "module": "robot_driver", "function": "_verify_environment", "line": 59}
{"timestamp": "2025-08-15T18:26:48.064196", "level": "ERROR", "logger": "app.automation.robot.robot_driver", "message": "Error: ", "module": "robot_driver", "function": "_verify_environment", "line": 60}
{"timestamp": "2025-08-15T18:29:14.933702", "level": "ERROR", "logger": "app.automation.robot.robot_driver", "message": "Robot command timed out after 120 seconds", "module": "robot_driver", "function": "_run_robot_command_with_timeout", "line": 215}
{"timestamp": "2025-08-15T18:29:15.332559", "level": "ERROR", "logger": "app.automation.robot.robot_driver", "message": "Robot execution failed: Command timed out after 120 seconds", "module": "robot_driver", "function": "execute_robot_script", "line": 569}
{"timestamp": "2025-08-15T18:29:22.291629", "level": "ERROR", "logger": "app.api.v1.task", "message": "Error during cleanup for resumed task 1ccd0e01-1ef8-4223-82ca-1af90cf0eca2: object NoneType can't be used in 'await' expression", "module": "task", "function": "resume_task_background", "line": 1033}
{"timestamp": "2025-08-15T18:29:22.323616", "level": "ERROR", "logger": "task", "message": "Task 1ccd0e01-1ef8-4223-82ca-1af90cf0eca2: Cleanup failed: object NoneType can't be used in 'await' expression", "module": "logging", "function": "log_to_file", "line": 226, "task_id": "1ccd0e01-1ef8-4223-82ca-1af90cf0eca2", "source": "TASK"}
{"timestamp": "2025-08-15T18:45:42.154118", "level": "ERROR", "logger": "app.automation.robot.robot_driver", "message": "Robot Framework not found. Please install with: pip install robotframework", "module": "robot_driver", "function": "_verify_environment", "line": 59}
{"timestamp": "2025-08-15T18:45:42.156098", "level": "ERROR", "logger": "app.automation.robot.robot_driver", "message": "Error: ", "module": "robot_driver", "function": "_verify_environment", "line": 60}
{"timestamp": "2025-08-15T18:48:13.711821", "level": "ERROR", "logger": "app.automation.robot.robot_driver", "message": "Robot Framework not found. Please install with: pip install robotframework", "module": "robot_driver", "function": "_verify_environment", "line": 59}
{"timestamp": "2025-08-15T18:48:13.713827", "level": "ERROR", "logger": "app.automation.robot.robot_driver", "message": "Error: ", "module": "robot_driver", "function": "_verify_environment", "line": 60}
{"timestamp": "2025-08-15T18:50:40.227868", "level": "ERROR", "logger": "app.automation.robot.robot_driver", "message": "Robot command timed out after 120 seconds", "module": "robot_driver", "function": "_run_robot_command_with_timeout", "line": 215}
{"timestamp": "2025-08-15T18:50:40.867558", "level": "ERROR", "logger": "app.automation.robot.robot_driver", "message": "Robot execution failed: Command timed out after 120 seconds", "module": "robot_driver", "function": "execute_robot_script", "line": 569}
{"timestamp": "2025-08-15T18:50:44.307399", "level": "ERROR", "logger": "app.api.v1.task", "message": "Error during cleanup for resumed task 0cd7557e-fb17-4023-b9ea-8334e90d126d: object NoneType can't be used in 'await' expression", "module": "task", "function": "resume_task_background", "line": 1033}
{"timestamp": "2025-08-15T18:50:44.320431", "level": "ERROR", "logger": "task", "message": "Task 0cd7557e-fb17-4023-b9ea-8334e90d126d: Cleanup failed: object NoneType can't be used in 'await' expression", "module": "logging", "function": "log_to_file", "line": 226, "task_id": "0cd7557e-fb17-4023-b9ea-8334e90d126d", "source": "TASK"}
{"timestamp": "2025-08-15T21:48:46.688280", "level": "ERROR", "logger": "app.automation.robot.robot_driver", "message": "Robot Framework not found. Please install with: pip install robotframework", "module": "robot_driver", "function": "_verify_environment", "line": 59}
{"timestamp": "2025-08-15T21:48:46.692280", "level": "ERROR", "logger": "app.automation.robot.robot_driver", "message": "Error: ", "module": "robot_driver", "function": "_verify_environment", "line": 60}
{"timestamp": "2025-08-15T21:51:13.249548", "level": "ERROR", "logger": "app.automation.robot.robot_driver", "message": "Robot Framework not found. Please install with: pip install robotframework", "module": "robot_driver", "function": "_verify_environment", "line": 59}
{"timestamp": "2025-08-15T21:51:13.251537", "level": "ERROR", "logger": "app.automation.robot.robot_driver", "message": "Error: ", "module": "robot_driver", "function": "_verify_environment", "line": 60}
{"timestamp": "2025-08-15T21:53:37.713180", "level": "ERROR", "logger": "app.automation.robot.robot_driver", "message": "Robot command timed out after 120 seconds", "module": "robot_driver", "function": "_run_robot_command_with_timeout", "line": 215}
{"timestamp": "2025-08-15T21:53:37.874228", "level": "ERROR", "logger": "app.automation.robot.robot_driver", "message": "Robot execution failed: Command timed out after 120 seconds", "module": "robot_driver", "function": "execute_robot_script", "line": 569}
{"timestamp": "2025-08-15T21:53:38.838480", "level": "ERROR", "logger": "app.api.v1.task", "message": "Error during cleanup for resumed task 35853f7a-45b1-482e-9612-d4d36ef03d05: object NoneType can't be used in 'await' expression", "module": "task", "function": "resume_task_background", "line": 1033}
{"timestamp": "2025-08-15T21:53:38.846482", "level": "ERROR", "logger": "task", "message": "Task 35853f7a-45b1-482e-9612-d4d36ef03d05: Cleanup failed: object NoneType can't be used in 'await' expression", "module": "logging", "function": "log_to_file", "line": 226, "task_id": "35853f7a-45b1-482e-9612-d4d36ef03d05", "source": "TASK"}
